from,to,line,7_in,7_out,8_in,8_out,17_in,17_out,18_in,18_out,19_in,19_out,20_in,20_out
소요산,동두천,1,3699,6056,3909,3810,2948,2430,3726,3484,1827,3354,1006,2535
동두천,보산,1,3341,1676,2383,2060,2561,2144,2119,2910,1362,3229,864,2016
보산,동두천중앙,1,6698,2853,5988,6828,4420,4187,5570,5143,2222,5372,1572,3755
동두천중앙,지행,1,15765,3861,13877,8998,6878,11082,9280,13308,4619,14527,4788,9587
지행,덕정,1,14810,8443,11966,9668,8323,9332,9560,10930,3783,11422,2634,7146
덕정,덕계,1,9690,2013,7623,3387,3033,4954,3095,6181,1210,6543,966,4604
덕계,양주,1,24524,8128,18259,8618,8105,11631,11086,17393,4827,16758,3054,11892
양주,녹양,1,14259,2952,11098,6521,5280,6918,6248,10739,2761,11534,2197,7588
녹양,가능,1,18892,4326,17044,8479,7589,9495,6923,16184,4335,15724,3645,9844
가능,의정부,1,38015,10306,34680,27601,29229,29782,32331,39920,20808,36845,24309,21826
의정부,회룡,1,43579,6106,34815,11015,10965,22633,8838,34303,5512,34449,4663,19670
회룡,망월사,1,20154,2836,19262,7430,7597,13154,7384,19533,3576,19017,3002,11318
망월사,도봉산,1,60746,7881,52289,12973,20488,22310,16574,37086,8513,42723,5755,24679
도봉산,도봉,1,15671,3041,14757,7918,7636,10080,8049,13998,3439,13175,2489,7674
도봉,방학,1,23881,6369,21701,15643,11617,15855,14616,23159,7258,21769,5802,11645
방학,창동,1,74272,13131,66451,31954,34161,50334,35034,78744,19468,70369,19176,40649
창동,녹천,1,17022,1773,13566,3599,4637,7721,3826,11949,2856,11342,1591,6983
녹천,월계,1,18052,3059,16331,6191,7089,11374,6989,16194,3532,15471,2882,8017
월계,광운대,1,25137,3573,24665,7242,8037,13517,7512,21842,5065,19499,4033,11571
광운대,석계,1,58876,9317,68348,16603,20395,45517,19614,73670,14234,61464,12803,34868
석계,신이문,1,28722,3430,31437,6334,7301,17093,6505,27089,4292,22384,2891,14176
신이문,외대앞,1,13809,2806,17881,7503,9714,13570,8501,19332,7263,15587,5506,9778
외대앞,회기,1,41272,20140,54271,36447,38726,37517,33776,54457,18974,44128,17982,27155
회기,청량리(서울시립대입구),1,49954,21444,62943,43477,61613,53814,57369,73102,33127,52587,33766,29074
청량리(서울시립대입구),제기동,1,15914,15109,24375,32855,33310,18808,30408,21250,12792,15650,9330,10291
제기동,신설동,1,17242,26629,25470,70384,48914,22672,66751,27139,25643,19420,18847,12884
신설동,동묘앞,1,11438,11969,17185,36184,42688,20018,35724,20234,16516,15466,11424,10470
동묘앞,동대문,1,14348,37482,20223,80007,93827,26105,77803,23130,37514,25431,33235,17419
동대문,종로5가,1,3473,30990,5745,86177,61473,17184,82698,13074,38369,6821,26177,3731
종로5가,종로3가,1,6673,41298,9850,119700,109098,42781,165742,37806,92264,16825,74460,7779
종로3가,종각,1,4413,77560,6631,165202,94486,22887,153681,23132,69054,10706,65480,4650
종각,시청,1,9104,103100,11728,302157,119824,21065,247253,19589,89523,9174,68020,5855
시청,서울역,1,50775,123153,75302,249057,154161,78105,239432,88660,117861,61777,79384,41532
서울역,남영,1,8981,15433,13153,40273,19508,11628,38107,16932,14526,11568,10427,7416
남영,용산,1,13704,48159,18203,107862,77094,38194,111450,40840,64667,29021,65879,17100
용산,노량진,1,57907,35386,88821,62192,46562,62005,56652,92759,32556,62683,42740,39918
노량진,대방,1,22329,29257,30636,40751,25172,18636,37224,30866,14236,22037,11210,14654
대방,신길,1,29885,14539,41735,34900,20857,21063,34619,34138,14266,24315,8897,16442
신길,영등포,1,28375,44591,39607,100667,81433,61938,119594,77479,70737,48216,88842,25154
영등포,신도림,1,110829,38524,119929,110048,81288,86467,117248,136479,65303,106176,60516,61550
신도림,구로,1,29728,26511,30056,69195,40133,28696,57996,35321,25410,25275,18832,16432
구로,구일,1,21401,4365,19848,8589,6857,11122,8032,21792,3512,18668,2791,9927
구일,개봉,1,72977,12131,68719,20070,23885,47729,23048,80234,13585,63856,11870,35790
개봉,오류동,1,39296,4898,41229,9603,12236,21712,11452,37292,6585,32133,5441,20267
오류동,온수(성공회대입구),1,59318,10242,68016,19614,17627,28762,17858,57190,9270,46707,7010,26509
온수(성공회대입구),역곡,1,98932,10695,94553,22761,27359,53169,25727,92984,15725,82360,15088,46534
역곡,소사,1,29815,5925,26614,8319,10070,17321,9526,25452,5357,23729,4308,13403
소사,부천,1,86553,15221,86900,34899,43516,66293,46860,99298,31366,84424,33003,44296
부천,중동,1,33791,4744,26716,9693,9498,15445,10280,26120,5551,24333,4326,14422
중동,송내,1,86882,24385,73258,61239,33659,42267,59728,75037,26494,70584,18678,40096
송내,부개,1,31147,4023,24415,7548,9370,13991,8579,26493,4446,22199,3584,13080
부개,부평,1,67884,15105,65140,27730,46090,64754,45029,95926,34403,71009,39166,38852
부평,백운,1,23145,3451,19877,6347,8497,12575,7589,21028,3662,18903,3189,12087
백운,동암,1,42424,11573,40491,14894,21005,30679,19419,44075,11388,39403,10235,26780
동암,간석,1,18315,2909,15883,5808,6594,10616,6992,14616,3543,15454,3355,9093
간석,주안,1,50224,13793,41339,23354,28677,29310,30328,43037,16702,46652,16809,27022
주안,도화,1,13125,3506,10528,5673,5200,6503,5298,8684,2460,9581,1916,5729
도화,제물포,1,29891,7560,24863,17607,15323,15720,17862,22909,6606,23512,5281,14575
제물포,도원,1,4944,2381,4586,8036,4791,4032,5601,4614,1670,4356,1330,2894
도원,동인천,1,31712,17468,23975,24581,27851,19115,30648,26103,13381,26848,10738,16465
동인천,인천,1,6358,5810,5090,9227,11678,5013,10379,5414,4616,4067,3750,3228
구로,가산디지털단지,1,28220,149604,31421,474800,216262,40027,377720,46661,171125,33951,100207,21010
가산디지털단지,독산,1,31000,35063,29833,84579,42391,18711,64426,32195,30128,28599,17570,15130
독산,금천구청,1,36624,11835,35491,25733,13145,20880,20582,36441,9563,29733,7625,15897
금천구청,석수,1,32034,9712,32431,15431,13763,14739,15801,26724,8041,24570,5495,13926
석수,관악,1,26187,4086,24821,7049,8655,11504,7904,22925,4495,19658,3615,11258
관악,안양,1,65487,12347,58224,22978,28818,41163,27881,64072,17482,56197,18781,31563
안양,명학,1,20134,21029,18064,46600,20973,9147,32465,15701,11088,14408,10188,8958
명학,금정,1,63209,37313,66457,79341,45223,42526,64760,66812,29403,57333,24901,36171
금정,군포,1,14587,26952,14173,42266,18957,9295,32156,12356,11252,10570,9319,6789
군포,당정,1,19880,6689,17367,12975,8257,9335,12096,14761,4785,16236,3657,9947
당정,의왕,1,24626,19787,23750,21009,18139,13490,18486,23808,8797,17737,6410,12556
의왕,성균관대,1,53619,7080,42539,14881,16838,25624,17753,46900,9633,41915,8779,24785
성균관대,화서,1,31268,3489,22410,7192,8279,14372,7154,24402,3880,21836,3249,12758
화서,수원,1,76871,39945,67549,56838,73142,77874,85263,101615,62784,78613,74550,47022
수원,세류,1,11013,3370,7835,3722,4197,4871,4495,8757,2543,7446,2128,4471
세류,병점,1,35626,17560,26306,19623,23952,22059,25144,33600,13266,34521,10471,22007
병점,세마,1,6856,3024,5527,6166,3605,3428,5219,5800,1922,5833,1595,3919
세마,오산대,1,7887,3018,5903,5259,4397,4907,6140,7729,2802,5893,2700,4133
오산대,오산,1,16243,20345,14798,16371,20112,15516,22386,20974,11240,18280,9690,14001
오산,진위,1,1812,5752,1583,6576,5028,1194,7853,1714,2805,1617,1592,966
진위,송탄,1,9745,3999,6809,5145,6159,7676,7142,8507,3884,9152,2790,6466
송탄,서정리,1,9269,9794,8282,9308,16290,9976,14081,10765,7458,11294,6190,7826
서정리,지제,1,5174,7585,3869,5557,8980,2898,7255,4460,4453,3932,3087,2958
지제,평택,1,19225,11322,16192,16280,22063,20360,21719,24505,15491,19280,15159,14042
평택,성환,1,3416,7459,3873,9026,8497,4716,7163,5385,3036,3774,2603,3095
성환,직산,1,1092,1845,904,2609,1888,973,2221,1093,854,1211,602,538
직산,두정,1,9889,4862,8891,6472,8491,8479,9115,12561,5300,9018,4461,7491
두정,천안,1,6236,3574,5167,6314,9325,8715,9194,10313,6020,7353,4792,5904
천안,봉명,1,2168,2700,1543,2947,2524,1644,1309,1348,766,1155,560,837
봉명,쌍용(나사렛대),1,5345,1281,4102,2854,2837,3971,2308,3335,1346,3818,1279,2429
쌍용(나사렛대),아산,1,4802,3643,4205,4954,4916,5011,6256,4292,4693,4030,2925,2712
아산,배방,1,1466,784,1739,1463,1805,1844,1675,1695,1065,1883,662,1189
배방,온양온천,1,4803,2624,6410,5962,4873,5625,6818,5734,2458,5256,2209,3436
온양온천,신창(순천향대),1,1280,890,1293,2550,2031,1121,2065,1628,757,1397,600,1072
금천구청,광명,1,10343,3025,7776,3025,4902,3816,5693,9850,5285,6283,1605,3211
병점,서동탄,1,8265,1435,3325,1622,1599,2218,2057,3507,722,4366,634,2562
시청,을지로입구,2,6057,96915,9537,236987,116958,25338,197433,25629,86998,12932,88078,7796
을지로입구,을지로3가,2,5449,82196,8799,189256,89312,20756,163820,20470,69138,9339,49154,5066
을지로3가,을지로4가,2,3314,38359,5740,100034,60029,11397,89483,9103,40836,5203,22490,2818
을지로4가,동대문역사문화공원,2,0,0,0,0,0,0,0,0,0,0,0,0
동대문역사문화공원,신당,2,25621,22522,42260,57974,38802,32282,49617,46118,29466,38633,25422,22609
신당,상왕십리,2,29794,9515,47721,28928,19573,25367,23646,41112,13297,28865,9829,18480
상왕십리,왕십리(성동구청),2,42737,20290,74276,53407,55886,65043,64038,99944,41767,65603,50049,37757
왕십리(성동구청),한양대,2,3863,7490,6573,18090,21768,5354,21008,6705,9646,4367,7136,3406
한양대,뚝섬,2,14571,28378,21655,113554,45036,21724,100514,29088,48622,18587,29624,11345
뚝섬,성수,2,18452,63728,25980,229101,85623,31392,187090,38168,83822,24284,51293,12940
성수,건대입구,2,51422,36692,88586,77386,83381,97953,97828,135528,69233,86870,94112,48613
건대입구,구의(광진구청),2,52867,11707,91632,33680,28910,44994,35171,78224,17431,57568,16225,37725
구의(광진구청),강변(동서울터미널),2,62162,17119,82739,33761,39405,57550,45123,87744,32220,64331,24895,41097
강변(동서울터미널),잠실나루,2,28888,17761,36184,29972,25118,17947,23791,31227,10945,24442,8481,14381
잠실나루,잠실(송파구청),2,94931,79720,136354,189522,158180,131453,205448,183501,127600,124043,137409,77477
잠실(송파구청),잠실새내,2,41020,13284,55616,22777,27828,41838,31511,62541,23266,43675,23966,24789
잠실새내,종합운동장,2,19912,11478,25304,22731,17816,18586,21877,29481,11645,21178,8818,13189
종합운동장,삼성(무역센터),2,11858,101072,15965,255575,142313,36123,227196,38660,120362,21491,104334,11783
삼성(무역센터),선릉,2,19902,132148,29243,340760,186812,48252,300326,54521,150917,34163,104630,20506
선릉,역삼,2,11073,105499,19280,267827,153897,34113,232035,36284,120772,24297,76207,16103
역삼,강남,2,29652,120313,46525,260062,190350,93494,278385,107650,177478,60270,159575,31438
강남,교대(법원.검찰청),2,24470,58562,35822,174240,116180,49157,178130,57877,79881,35772,68377,20912
교대(법원.검찰청),서초,2,10989,35680,18161,98628,55588,16515,85208,16865,35468,11841,25187,8279
서초,방배,2,17787,23548,25560,59160,35334,22857,55232,30687,23585,22462,17724,14899
방배,사당,2,107305,47289,149500,79526,82914,119021,106369,171618,71246,121779,74046,74482
사당,낙성대,2,0,0,0,0,0,0,0,0,0,0,0,0
낙성대,서울대입구(관악구청),2,99513,22507,150221,49643,61200,85583,68282,143792,42141,122115,41907,72811
서울대입구(관악구청),봉천,2,64508,8378,100646,21105,23867,44946,26663,74508,15271,64516,13525,40823
봉천,신림,2,169189,26855,259505,50025,67801,124562,68317,211632,44074,187718,46143,116451
신림,신대방,2,71291,14494,107000,26455,27434,51222,32127,81829,17645,69384,14057,46918
신대방,구로디지털단지,2,111142,69658,154198,211123,105315,90648,186197,136745,93693,110343,61018,69837
구로디지털단지,대림(구로구청),2,65356,24435,94114,63226,49266,66869,61913,77908,33105,55950,23868,40827
대림(구로구청),신도림,2,110829,38524,119929,110048,81288,86467,117248,136479,65303,106176,60516,61550
신도림,문래,2,33418,29947,37298,103191,46487,24342,87393,40815,30471,30045,24147,16985
문래,영등포구청,2,37358,35400,46486,124725,53069,32431,107414,51366,39245,35093,30085,20390
영등포구청,당산,2,74882,33188,88672,98522,55129,65255,86804,106388,41405,77440,35517,50172
당산,합정,2,43586,40079,60767,108440,76678,71527,124705,97739,78983,64970,73808,34212
합정,홍대입구,2,52417,31190,68732,96989,113785,108054,141539,134213,108422,84978,129824,44707
홍대입구,신촌(지하),2,25098,25997,35756,56934,65969,49441,67269,67573,47473,43890,60651,23856
신촌(지하),이대,2,15255,8737,19888,23013,25816,16371,23797,23280,13714,17660,12855,11150
이대,아현,2,21410,6673,29763,13549,14246,18167,14857,27510,8583,21445,6475,13887
아현,충정로(경기대입구),2,17544,22584,25056,75287,30470,16708,62672,24551,20184,18651,13620,12537
충정로(경기대입구),시청,2,9104,103100,11728,302157,119824,21065,247253,19589,89523,9174,68020,5855
성수,용답,2,5301,1456,10081,2243,3260,5056,2868,8372,1490,5760,1014,3629
용답,신답,2,4774,845,8015,1568,1500,3546,1630,7732,706,5975,472,2698
신답,용두(동대문구청),2,3803,2004,6641,5680,3882,3646,5144,6492,2022,4816,1354,2508
용두(동대문구청),신설동,2,17242,26629,25470,70384,48914,22672,66751,27139,25643,19420,18847,12884
신도림,도림천,2,2520,2345,2964,5219,2666,2009,3439,2454,1849,2374,859,1411
도림천,양천구청,2,25530,3887,23040,7977,6603,13981,6637,24146,2889,22012,2485,12195
양천구청,신정네거리,2,36642,4390,34465,9970,10477,21268,9133,37308,5255,30251,4992,16035
신정네거리,까치산,2,96440,8096,127355,17201,24885,57299,24092,105442,14675,87994,13323,54425
대화,주엽,3,20990,5464,18682,12032,10889,12553,11694,18923,5800,20855,6181,11703
주엽,정발산,3,7427,4448,7910,15805,14263,10807,18537,12766,9763,9281,12369,4895
정발산,마두,3,13140,6651,11911,17787,11554,10147,15431,14052,6485,13881,5022,8223
마두,백석,3,17421,9823,18313,23569,18263,16026,22145,20614,10837,20091,10307,11484
백석,대곡,3,5153,1258,4443,2175,2637,1760,3371,3584,1204,2555,792,1378
대곡,화정,3,41895,8276,44021,21951,20890,31715,23068,47028,12450,40275,13642,24725
화정,원당,3,34736,5850,36411,10425,11413,19737,12016,29934,5684,30367,4261,17625
원당,원흥,3,27617,5398,30699,11007,11122,16385,11982,23958,5075,26114,5118,13908
원흥,삼송,3,56977,11393,58572,19788,22888,30775,22841,52723,13174,48987,12225,29430
삼송,지축,3,12683,2081,12971,2615,3984,5779,2688,12532,1200,10159,839,6377
지축,구파발,3,65828,16808,64022,21860,27533,30621,23471,55997,13810,50782,12486,26926
구파발,연신내,3,106282,13056,132115,26702,40362,70874,37823,114881,25474,102742,24814,56044
연신내,불광,3,46681,9840,58919,30398,29817,38791,31687,60064,17891,49388,16138,27093
불광,녹번,3,49459,6840,60902,15064,13591,26160,15190,48765,7017,43588,5465,23761
녹번,홍제,3,46507,8675,57019,18705,20731,31880,19899,51405,10647,44556,8788,24818
홍제,무악재,3,11281,2337,13996,4720,4523,7378,5107,13225,2202,11560,1731,6617
무악재,독립문,3,11415,9241,15173,16392,10872,10591,12536,14635,5510,12139,4163,7225
독립문,경복궁(정부서울청사),3,10007,29694,15342,84660,43068,16858,74924,19668,30052,13569,25483,7801
경복궁(정부서울청사),안국,3,4439,62592,6817,79306,71287,11819,82396,10973,32330,6143,25028,3782
안국,종로3가,3,6673,41298,9850,119700,109098,42781,165742,37806,92264,16825,74460,7779
종로3가,을지로3가,3,5449,82196,8799,189256,89312,20756,163820,20470,69138,9339,49154,5066
을지로3가,충무로,3,5776,46011,10072,148161,66897,18967,125592,20315,60003,11893,43514,6463
충무로,동대입구,3,4100,10932,5811,38203,26394,6101,25234,6523,11804,4510,8233,3198
동대입구,약수,3,21542,14167,36664,41848,26574,27611,36452,39946,19168,26628,16690,16978
약수,금호,3,20854,3931,29035,7315,8989,17306,9180,26114,5718,19490,4871,13098
금호,옥수,3,16913,6527,24592,12744,13412,18555,13753,27757,8564,21359,6797,13634
옥수,압구정,3,12044,36347,18403,114846,76977,36303,113015,37943,84617,21307,72152,11279
압구정,신사,3,7983,36161,14530,95577,76522,39747,116548,44597,85853,22058,67508,9799
신사,잠원,3,8546,5628,12011,7474,8155,7794,7818,12205,4660,8674,3492,5193
잠원,고속터미널,3,37743,77961,58707,117563,163961,105059,165954,122334,123701,77472,144464,44826
고속터미널,교대(법원.검찰청),3,24470,58562,35822,174240,116180,49157,178130,57877,79881,35772,68377,20912
교대(법원.검찰청),남부터미널(예술의전당),3,20208,46862,30549,132843,73287,34642,117193,41862,55530,28801,39572,18241
남부터미널(예술의전당),양재(서초구청),3,26599,86006,36546,199320,99754,41546,171013,54865,80223,38731,57021,24130
양재(서초구청),매봉,3,12075,18460,15028,58256,30276,13191,54473,17736,22193,12300,15513,7623
매봉,도곡,3,12920,21288,18276,38430,29848,14799,35322,19292,17995,15961,12911,10055
도곡,대치,3,18502,15381,19774,23316,21193,16327,23215,21142,13483,17440,12340,10665
대치,학여울,3,2642,2680,3130,5939,3369,2462,5082,3424,2463,2725,1524,1660
학여울,대청,3,19919,8307,24571,21821,17448,14423,21627,21663,8609,18007,6471,11502
대청,일원,3,16769,22154,17761,20256,27065,10424,13783,15924,6898,12861,5121,8909
일원,수서,3,43333,38893,58853,79064,53623,44739,71508,66719,32137,52547,30542,33232
수서,가락시장,3,23176,21002,28112,58105,32740,25599,48838,34579,21320,24658,19111,16423
가락시장,경찰병원,3,17317,7621,21252,27488,12789,11082,18736,18141,6235,14709,5540,9121
경찰병원,오금,3,26132,9859,31200,28204,15707,14846,22412,23857,8210,19341,6346,11685
당고개,상계,4,71436,7357,64189,16014,18569,33339,17757,55351,10829,53708,9241,32284
상계,노원,4,74575,19144,76406,59886,55017,74009,63801,106831,40711,86259,53505,45136
노원,창동,4,74272,13131,66451,31954,34161,50334,35034,78744,19468,70369,19176,40649
창동,쌍문,4,101218,11102,108748,22505,27658,53386,27194,90782,16401,88425,13112,53066
쌍문,수유(강북구청),4,89612,16084,104879,46058,43678,65351,49110,105573,28117,91310,25127,54468
수유(강북구청),미아(서울사이버대학),4,38820,7624,45097,23586,18593,26722,21535,41813,11958,34790,8394,21437
미아(서울사이버대학),미아사거리,4,75130,11606,85753,26926,32691,56121,34672,90016,24403,69862,28298,39872
미아사거리,길음,4,64325,8452,71487,21280,22714,37156,21933,66383,12660,54486,11029,31788
길음,성신여대입구(돈암),4,37506,14808,49176,31973,35312,42139,41146,61655,27382,45317,29250,26101
성신여대입구(돈암),한성대입구(삼선교),4,24268,11145,30365,21273,22075,22796,23398,31998,12125,25875,10606,16048
한성대입구(삼선교),혜화,4,13169,38665,17539,94493,74192,34567,94641,39114,46520,28608,46986,12426
혜화,동대문,4,14348,37482,20223,80007,93827,26105,77803,23130,37514,25431,33235,17419
동대문,동대문역사문화공원,4,0,0,0,0,0,0,0,0,0,0,0,0
동대문역사문화공원,충무로,4,5776,46011,10072,148161,66897,18967,125592,20315,60003,11893,43514,6463
충무로,명동,4,2337,29962,4039,80203,45391,14777,80072,12702,35733,7350,31659,3675
명동,회현(남대문시장),4,3537,40456,5984,100898,70993,12135,94022,10188,38123,6055,39320,3687
회현(남대문시장),서울역,4,50775,123153,75302,249057,154161,78105,239432,88660,117861,61777,79384,41532
서울역,숙대입구(갈월),4,12183,15233,20324,38238,25567,18153,37422,24532,18113,16920,15061,10576
숙대입구(갈월),삼각지,4,8893,19997,13118,40968,25435,12731,36741,17041,16073,11329,12688,7501
삼각지,신용산,4,7943,25126,12881,68281,38782,17076,65855,20898,33398,13127,25228,7698
신용산,이촌(국립중앙박물관),4,15206,13905,19944,27863,22509,15362,25564,22481,11374,17172,9039,10782
이촌(국립중앙박물관),동작(현충원),4,7136,4304,10106,7487,7214,6166,8158,8907,3860,6437,3035,3985
동작(현충원),총신대입구(이수),4,36387,13197,48101,34783,28902,40029,35895,59477,20500,39779,21728,21848
총신대입구(이수),사당,4,107305,47289,149500,79526,82914,119021,106369,171618,71246,121779,74046,74482
사당,남태령,4,1737,2357,2078,4105,2755,1301,2465,1398,1507,1295,1567,802
남태령,선바위,4,14542,16819,18719,22569,18385,9619,24825,14111,12607,12584,8047,7460
선바위,경마공원,4,1454,2183,2093,5253,3781,1607,4637,1756,863,1427,603,1031
경마공원,대공원,4,595,2995,865,6755,6452,958,7331,709,1846,604,813,306
대공원,과천,4,16780,3859,16143,6714,8678,8199,6246,14761,2860,12763,2034,7763
과천,정부과천청사,4,11809,18754,11370,51311,23158,9692,42024,13530,12275,11846,10953,6423
정부과천청사,인덕원,4,62632,29080,57288,87428,39795,35286,68794,59880,25776,58778,20961,31623
인덕원,평촌,4,44574,27838,37082,76596,34601,20406,58152,35394,23611,37019,19182,19957
평촌,범계,4,66081,17436,57965,48997,37863,39958,50204,64705,30731,60446,36390,29945
범계,금정,4,63209,37313,66457,79341,45223,42526,64760,66812,29403,57333,24901,36171
금정,산본,4,44673,10457,43520,22677,19538,28949,23842,48517,15513,43008,15479,23748
산본,수리산,4,15433,3138,14254,3798,3732,5887,4102,11112,2201,9270,1404,5881
수리산,대야미,4,13609,3896,14163,6915,6530,7420,7929,12567,3841,10355,2992,7220
대야미,반월,4,13352,2852,12089,4436,4895,7229,5580,12462,2905,9956,2272,7339
반월,상록수,4,59293,9524,53180,13401,16046,30068,17149,53469,10935,50103,9025,31015
상록수,한대앞,4,24915,5557,20548,12055,11394,14959,13077,24154,6991,20428,6158,14125
한대앞,중앙,4,45374,9760,34043,25913,23471,29833,28252,47814,18130,40286,21070,24806
중앙,고잔,4,24335,11103,16771,22647,15374,10843,19480,17929,7529,15645,6251,10206
고잔,초지,4,15748,7474,11264,9321,6645,6829,8588,11774,4080,11231,2690,7561
초지,안산,4,17444,36648,16534,29814,35045,16952,40295,20091,20403,17816,18744,12471
안산,신길온천,4,4832,2755,3941,2196,2945,2691,2971,3939,1394,3566,1136,2489
신길온천,정왕,4,14903,22565,11211,21919,16377,11113,21733,15306,10305,12428,8516,9888
정왕,오이도,4,25751,11012,19217,10323,13624,13499,14838,20553,8753,19540,6941,12928
방화,개화산,5,15899,4168,14748,9249,6872,7562,8665,12585,3845,12652,2704,7369
개화산,김포공항,5,15564,39746,22866,45877,48313,38417,60911,39621,44434,28325,45304,13367
김포공항,송정,5,16403,5960,17238,10111,10075,10491,10905,16073,5670,13268,4526,8427
송정,마곡,5,16665,9532,17073,35481,20339,10253,31778,15834,13672,13884,8833,7535
마곡,발산,5,20300,24299,21589,80139,42841,22583,63870,31554,30250,23095,24987,11276
발산,우장산,5,43391,6973,45337,15090,15689,24298,14085,44863,7741,36942,6672,20134
우장산,화곡,5,90888,11603,119334,22625,27662,54057,27330,98711,16236,80269,13464,46957
화곡,까치산,5,96440,8096,127355,17201,24885,57299,24092,105442,14675,87994,13323,54425
까치산,신정(은행정),5,53314,4821,67346,11025,11763,22632,12251,40885,5953,33043,4820,19964
신정(은행정),목동,5,47624,10154,58237,24888,21467,35104,23604,65959,12809,50071,12903,27407
목동,오목교(목동운동장앞),5,38209,21601,45325,64003,39177,38201,60979,59994,31978,40500,38861,20155
오목교(목동운동장앞),양평,5,22578,9426,24739,38653,17925,13970,32972,23202,10935,17592,7345,11598
양평,영등포구청,5,37358,35400,46486,124725,53069,32431,107414,51366,39245,35093,30085,20390
영등포구청,영등포시장,5,15123,11608,23274,31593,19109,13066,28969,22203,12629,14343,9583,9152
영등포시장,신길,5,29885,14539,41735,34900,20857,21063,34619,34138,14266,24315,8897,16442
신길,여의도,5,13611,223453,19489,302483,193203,30606,255997,35667,106080,20798,79556,13131
여의도,여의나루,5,3712,30577,5891,46185,28214,5855,36770,6787,14668,4918,10287,3168
여의나루,마포,5,19546,20868,27209,61081,28477,19045,52244,31572,20332,20034,17527,10948
마포,공덕,5,39267,61215,53254,173830,81576,45730,154530,75095,62518,45386,51805,24804
공덕,애오개,5,13943,6991,19257,23627,10654,10060,19510,17827,6898,12010,4880,7241
애오개,충정로(경기대입구),5,17544,22584,25056,75287,30470,16708,62672,24551,20184,18651,13620,12537
충정로(경기대입구),서대문,5,12929,53285,18259,131667,47107,13841,92901,18837,29572,11912,23700,7679
서대문,광화문(세종문화회관),5,7316,63329,10760,211010,77321,20752,171554,23547,66825,11837,49720,5252
광화문(세종문화회관),종로3가,5,6673,41298,9850,119700,109098,42781,165742,37806,92264,16825,74460,7779
종로3가,을지로4가,5,3314,38359,5740,100034,60029,11397,89483,9103,40836,5203,22490,2818
을지로4가,동대문역사문화공원,5,0,0,0,0,0,0,0,0,0,0,0,0
동대문역사문화공원,청구,5,10616,8148,16202,32637,13458,10480,22736,15147,14067,10655,8802,7262
청구,신금호,5,16135,4949,23223,9592,7468,12490,7852,21525,5316,15310,4128,9391
신금호,행당,5,24356,3948,35497,7619,7918,15269,7929,28053,4698,19863,4309,11850
행당,왕십리(성동구청),5,42737,20290,74276,53407,55886,65043,64038,99944,41767,65603,50049,37757
왕십리(성동구청),마장,5,12413,5320,17510,12660,8278,9046,10808,14073,5630,10077,4090,6496
마장,답십리,5,44457,11676,63326,29277,20748,26860,27841,49538,13648,36463,9839,20619
답십리,장한평,5,40636,18036,57978,58271,30464,27933,47923,52350,22218,38772,13938,21443
장한평,군자(능동),5,54169,12657,87978,41915,35395,45907,45893,78287,27855,58399,24830,33998
군자(능동),아차산(어린이대공원후문),5,33892,7570,50728,16771,19228,27458,19398,45544,11259,34881,9149,20599
아차산(어린이대공원후문),광나루(장신대),5,30706,10846,37148,22495,18010,18970,23823,31853,10793,23037,7680,15806
광나루(장신대),천호(풍납토성),5,56061,28047,76596,52355,58287,69826,67134,101726,47784,71653,51906,38664
천호(풍납토성),강동,5,46144,23590,59210,42993,33859,29416,40581,45993,18864,40279,14010,24382
강동,길동,5,17473,5549,23350,15689,12162,15308,14794,23112,7498,18549,6317,10937
길동,굽은다리(강동구민회관앞),5,28780,4812,32164,11557,10881,16645,12044,29895,6334,24514,6620,13780
굽은다리(강동구민회관앞),명일,5,29359,4333,27477,8110,8695,15931,9138,30459,5155,26541,4513,12391
명일,고덕,5,25340,7746,22112,14961,14570,13910,12520,21055,6465,23881,5903,10800
고덕,상일동,5,73887,10212,56293,17920,16830,26990,17032,48234,8213,53556,6344,28839
강동,둔촌동,5,19135,8438,23304,18132,15095,15772,17998,23605,8950,17147,7156,9881
둔촌동,올림픽공원(한국체대),5,20211,7589,22423,17235,18572,12929,19229,20862,8372,17823,5538,11916
올림픽공원(한국체대),방이,5,15104,6657,14292,21087,11394,11719,17572,17060,8738,13282,8037,7896
방이,오금,5,26132,9859,31200,28204,15707,14846,22412,23857,8210,19341,6346,11685
오금,개롱,5,18934,5561,17930,12941,8865,11565,11032,17512,5062,17193,4021,8898
개롱,거여,5,25706,6012,24884,13330,12093,12750,11737,20381,5015,20854,3965,9963
거여,마천,5,20314,3660,20039,9202,7084,11040,7266,17199,3202,15792,2694,9332
응암,역촌,6,12428,2399,13677,7362,4012,8060,4432,13931,2190,12486,1814,6457
역촌,불광,6,46681,9840,58919,30398,29817,38791,31687,60064,17891,49388,16138,27093
불광,독바위,6,10725,1084,11039,2069,2452,5317,1915,10072,1139,9696,802,5345
독바위,연신내,6,106282,13056,132115,26702,40362,70874,37823,114881,25474,102742,24814,56044
연신내,구산,6,22026,3333,28046,5951,7501,10547,6677,16893,4000,16681,3286,8635
구산,응암,6,56901,6590,71571,14075,16659,35062,16443,63946,10007,54021,8900,32681
응암,새절(신사),6,43343,4939,51688,10781,12358,23325,11602,41612,7189,35758,5175,21758
새절(신사),증산(명지대앞),6,31125,4337,39598,8356,10390,19921,10112,36233,5804,29660,4604,16898
증산(명지대앞),디지털미디어시티,6,53946,44053,59793,133507,60273,34069,119298,60465,48774,46445,28837,26572
디지털미디어시티,월드컵경기장(성산),6,5935,3069,8373,7283,8922,6377,8715,9504,5029,7226,5445,4222
월드컵경기장(성산),마포구청,6,29619,12280,41972,29187,19292,19744,30362,35415,13814,27300,10046,17741
마포구청,망원,6,19814,6735,30741,26145,23422,28163,30868,37740,19276,27496,17082,14180
망원,합정,6,43586,40079,60767,108440,76678,71527,124705,97739,78983,64970,73808,34212
합정,상수,6,5992,5184,10579,18528,14822,15352,21144,18466,14172,11697,14910,6034
상수,광흥창(서강),6,13474,11085,18264,30280,15702,11375,26742,17844,11449,13441,7788,8032
광흥창(서강),대흥(서강대앞),6,10905,7589,15864,25243,14807,11133,20148,17390,9769,12139,7934,7426
대흥(서강대앞),공덕,6,39267,61215,53254,173830,81576,45730,154530,75095,62518,45386,51805,24804
공덕,효창공원앞,6,15894,9003,24470,30219,17098,13612,28533,21607,13370,16641,8384,10292
효창공원앞,삼각지,6,8893,19997,13118,40968,25435,12731,36741,17041,16073,11329,12688,7501
삼각지,녹사평(용산구청),6,3450,6422,5925,14411,10228,6789,13966,8716,7887,5779,6981,3743
녹사평(용산구청),이태원,6,7134,9103,11082,18130,19505,15813,23214,18783,15866,12979,16098,7740
이태원,한강진,6,2429,16304,3795,27805,19949,8826,26090,8939,16900,4784,15059,2340
한강진,버티고개,6,3770,2026,6211,4478,3806,3530,5099,5646,2784,4484,1684,2935
버티고개,약수,6,21542,14167,36664,41848,26574,27611,36452,39946,19168,26628,16690,16978
약수,청구,6,10616,8148,16202,32637,13458,10480,22736,15147,14067,10655,8802,7262
청구,신당,6,25621,22522,42260,57974,38802,32282,49617,46118,29466,38633,25422,22609
신당,동묘앞,6,11438,11969,17185,36184,42688,20018,35724,20234,16516,15466,11424,10470
동묘앞,창신,6,10643,2721,14004,5060,3670,4850,3291,8312,1906,7215,1848,4383
창신,보문,6,16817,7134,26120,19599,13750,13371,17995,20710,8705,16864,6429,11067
보문,안암(고대병원앞),6,6581,12830,8595,26887,27087,10295,23903,12951,12872,10640,12148,6468
안암(고대병원앞),고려대(종암),6,16225,7874,19862,19335,15287,10794,15089,18795,6947,16226,6316,9684
고려대(종암),월곡(동덕여대),6,30127,5506,36862,19309,13448,19784,18582,33381,9460,28810,7710,15181
월곡(동덕여대),상월곡(한국과학기술연구원),6,18353,2538,23714,9194,5678,10304,7591,16268,4722,14957,2588,9069
상월곡(한국과학기술연구원),돌곶이,6,25655,4689,30866,12054,9594,15171,10305,24651,6978,21346,4369,12791
돌곶이,석계,6,58876,9317,68348,16603,20395,45517,19614,73670,14234,61464,12803,34868
석계,태릉입구,6,31403,8983,38788,20331,19604,23403,20126,36634,12393,32841,9813,18147
태릉입구,화랑대(서울여대입구),6,47583,4513,44183,8516,9650,16306,8626,30293,4623,28765,3010,15678
화랑대(서울여대입구),봉화산(서울의료원),6,38577,4713,34274,10672,8869,15001,8359,26794,3808,26162,3354,15135
봉화산(서울의료원),신내,6,3687,1908,3498,3910,3244,2383,3016,3343,1167,2710,640,1139
장암,도봉산,7,60746,7881,52289,12973,20488,22310,16574,37086,8513,42723,5755,24679
도봉산,수락산,7,42239,6516,39392,13705,14544,21176,15205,36281,8764,38084,6596,22197
수락산,마들,7,50214,5306,46626,9119,9973,21443,9215,38277,5391,40429,4384,21963
마들,노원,7,74575,19144,76406,59886,55017,74009,63801,106831,40711,86259,53505,45136
노원,중계,7,51240,8054,52647,15467,13733,21616,12576,38376,6463,39366,5004,23059
중계,하계,7,56190,10476,58615,18670,20721,28139,17967,49185,10610,49426,9936,27548
하계,공릉(서울과학기술대),7,29454,6621,36020,17845,15194,20661,17990,32730,9625,30881,8517,16692
공릉(서울과학기술대),태릉입구,7,31403,8983,38788,20331,19604,23403,20126,36634,12393,32841,9813,18147
태릉입구,먹골,7,29608,4273,37299,12261,11459,20400,12818,31497,7521,29806,5843,17186
먹골,중화,7,30573,6257,40975,19069,13654,19494,15429,33284,8558,30711,6241,18105
중화,상봉(시외버스터미널),7,57839,14768,78335,34123,31890,39679,34351,67734,22234,60449,19545,32720
상봉(시외버스터미널),면목,7,47547,6534,62955,18220,16097,29349,16376,49958,11751,45601,7432,26568
면목,사가정,7,46230,9109,59243,21902,19171,32181,20012,53571,13371,47550,11393,26545
사가정,용마산,7,0,0,0,0,0,0,0,0,0,0,0,0
용마산,중곡,7,25010,6256,39399,15038,12358,17587,11550,28230,7336,25399,5282,14732
중곡,군자(능동),7,54169,12657,87978,41915,35395,45907,45893,78287,27855,58399,24830,33998
군자(능동),어린이대공원(세종대),7,14114,12373,25255,34685,25161,15385,31005,22507,16363,18554,12498,12574
어린이대공원(세종대),건대입구,7,51422,36692,88586,77386,83381,97953,97828,135528,69233,86870,94112,48613
건대입구,뚝섬유원지,7,15791,4899,24103,10002,9309,13719,10996,20787,6263,16489,5345,10504
뚝섬유원지,청담,7,7872,48823,10873,118985,54375,13348,91933,14613,49217,10354,30951,7070
청담,강남구청,7,10488,39451,15181,132129,60170,25265,112975,28230,67079,19324,45168,12174
강남구청,학동,7,6538,44970,9422,157853,62588,13812,138970,14021,70582,9612,37781,6220
학동,논현,7,6651,38099,12974,104640,49197,19904,90076,23056,52514,13350,35957,8455
논현,반포,7,5323,9471,8638,16634,13130,6505,14689,8856,9660,5613,8168,3567
반포,고속터미널,7,37743,77961,58707,117563,163961,105059,165954,122334,123701,77472,144464,44826
고속터미널,내방,7,13751,20737,22538,69995,31882,16653,61210,24108,23145,17166,17003,10412
내방,총신대입구(이수),7,36387,13197,48101,34783,28902,40029,35895,59477,20500,39779,21728,21848
총신대입구(이수),남성,7,30454,4669,46960,12684,11842,20560,12145,36200,6902,29361,6627,17526
남성,숭실대입구(살피재),7,28355,6013,41467,13319,16564,22081,14251,37875,8605,30938,7887,19026
숭실대입구(살피재),상도,7,23655,6891,34710,14054,13911,18475,13650,30489,7575,24046,7021,15233
상도,장승배기,7,23680,6368,35947,15094,11431,17677,13341,28845,7133,23779,6128,14096
장승배기,신대방삼거리,7,41247,10043,66240,25321,19150,29269,24631,53759,13028,43614,11322,25558
신대방삼거리,보라매,7,18356,12434,27344,32242,15515,14376,27859,24225,9837,19696,8001,11456
보라매,신풍,7,33610,8747,44101,17710,14614,22405,16072,36444,8677,28659,6686,17019
신풍,대림(구로구청),7,65356,24435,94114,63226,49266,66869,61913,77908,33105,55950,23868,40827
대림(구로구청),남구로,7,26280,26701,29132,87269,34835,28857,66874,28259,32530,20527,18119,13598
남구로,가산디지털단지,7,28220,149604,31421,474800,216262,40027,377720,46661,171125,33951,100207,21010
가산디지털단지,철산,7,66196,12263,74414,27322,27184,42974,27985,74862,17736,62824,19155,31732
철산,광명사거리,7,66627,13891,80743,22499,29119,45548,26694,74130,17172,59161,15491,32315
광명사거리,천왕,7,39052,5523,49921,9991,10091,19889,9890,39664,5294,34237,4015,18325
천왕,온수(성공회대입구),7,59318,10242,68016,19614,17627,28762,17858,57190,9270,46707,7010,26509
온수(성공회대입구),까치울,7,25271,4524,32245,6814,7776,14251,7623,25772,4242,22292,3620,13658
까치울,부천종합운동장,7,13534,4860,16611,9858,6250,5842,7850,11213,3393,10013,2432,5836
부천종합운동장,춘의,7,19822,25481,20831,50455,24350,10322,39499,17601,14166,15363,9551,9818
춘의,신중동,7,37016,12463,36744,39304,21552,21214,36704,35032,16120,33969,17787,16761
신중동,부천시청,7,34688,11289,35428,20248,18457,19658,22318,34790,13444,32399,16689,16765
부천시청,상동,7,31194,8927,30448,23161,18405,20517,24291,33155,14302,30799,15372,16816
상동,삼산체육관,7,20026,1739,18123,2997,4009,8238,3723,14529,2118,14605,1592,8984
삼산체육관,굴포천,7,29211,3919,31415,9928,9559,17407,10905,30472,5917,31186,5600,17483
굴포천,부평구청,7,51684,8288,44421,11326,13037,14936,12460,31435,6602,33524,5210,20647
부평구청,산곡,7,0,0,0,0,0,0,0,0,0,0,0,0
산곡,석남,7,0,0,0,0,0,0,0,0,0,0,0,0
암사,천호(풍납토성),8,56061,28047,76596,52355,58287,69826,67134,101726,47784,71653,51906,38664
천호(풍납토성),강동구청,8,25323,12065,35390,32751,15112,18965,25112,31669,9581,24008,7441,14695
강동구청,몽촌토성(평화의문),8,7903,7796,12007,20252,12657,7598,17377,11749,7756,8622,6243,5558
몽촌토성(평화의문),잠실(송파구청),8,94931,79720,136354,189522,158180,131453,205448,183501,127600,124043,137409,77477
잠실(송파구청),석촌,8,30067,10260,42743,26236,23509,29175,29740,44457,16584,34834,15054,19955
석촌,송파,8,20374,6575,26282,14097,10499,14284,13501,24244,6698,20257,5284,11353
송파,가락시장,8,23176,21002,28112,58105,32740,25599,48838,34579,21320,24658,19111,16423
가락시장,문정,8,17762,42188,25170,147998,66626,18244,113912,26320,44204,20725,28381,11967
문정,장지,8,38546,20458,44821,49377,32201,26031,44820,46098,25162,30921,24388,18746
장지,복정,8,24110,10175,31542,17042,17246,15832,21437,27478,12072,20008,7782,12717
복정,산성,8,23080,3355,26617,6363,7627,13408,6699,23252,3287,20443,2785,12671
산성,남한산성입구(성남법원.검찰청),8,41052,10138,54833,19453,15932,22106,18041,39542,8496,34032,5919,20422
남한산성입구(성남법원.검찰청),단대오거리,8,30175,10746,36083,17425,15357,18223,20021,30817,9438,25915,6467,16494
단대오거리,신흥,8,11123,2977,14262,6307,7406,9960,7360,14592,4139,11511,4031,7395
신흥,수진,8,14130,2833,19543,6193,6970,8474,7119,13757,3698,11596,3474,7489
수진,모란,8,50997,22875,65328,33896,35000,42052,41735,58473,23233,43697,20023,31300
개화,김포공항,9,15564,39746,22866,45877,48313,38417,60911,39621,44434,28325,45304,13367
김포공항,공항시장,9,7016,1344,7780,3070,3519,5927,3410,8742,2055,8296,1974,5308
공항시장,신방화,9,21200,3306,20825,8058,7582,11370,7897,20420,3981,18243,4000,10409
신방화,마곡나루,9,0,0,0,0,0,0,0,0,0,0,0,0
마곡나루,양천향교,9,23504,8266,23956,30162,15112,13463,25178,23176,9233,22690,6155,14059
양천향교,가양,9,55488,16980,58491,34115,27292,32218,34979,56545,17029,50253,12992,28908
가양,중미,9,0,0,0,0,0,0,0,0,0,0,0,0
중미,등촌,9,31843,5053,39682,15369,12343,21120,15683,34030,7466,31643,6227,16811
등촌,염창,9,58515,6631,65455,19667,16848,34434,19524,58667,10167,54072,8484,32374
염창,신목동,9,13860,1994,14240,4532,4320,6143,4493,11436,2020,10348,1423,5561
신목동,선유도,9,14917,8487,18288,30539,14482,8885,28924,16194,11420,13718,6442,7103
선유도,당산,9,74882,33188,88672,98522,55129,65255,86804,106388,41405,77440,35517,50172
당산,국회의사당,9,3179,32882,4654,115895,52961,7735,91505,7163,32011,4451,20807,2785
국회의사당,여의도,9,13611,223453,19489,302483,193203,30606,255997,35667,106080,20798,79556,13131
여의도,샛강,9,3551,12428,4780,31092,15350,6278,25232,8332,9588,4752,7402,3098
샛강,노량진,9,57907,35386,88821,62192,46562,62005,56652,92759,32556,62683,42740,39918
노량진,노들,9,12248,1758,16543,2935,4694,7965,4430,13687,2503,10937,2092,6233
노들,흑석(중앙대입구),9,12833,8901,17417,12286,15301,13682,11210,20874,6950,14857,6539,10064
흑석(중앙대입구),동작(현충원),9,7136,4304,10106,7487,7214,6166,8158,8907,3860,6437,3035,3985
동작(현충원),구반포,9,3512,2827,4854,6387,5299,4399,7553,6304,3643,4505,3127,2684
구반포,신반포,9,4295,4506,5746,7156,8004,3983,7069,6164,3899,4276,2526,2610
신반포,고속터미널,9,37743,77961,58707,117563,163961,105059,165954,122334,123701,77472,144464,44826
고속터미널,사평,9,6778,3301,7892,5477,5689,5413,5560,8462,3189,6929,2070,3778
사평,신논현,9,23865,35296,33372,75610,65662,44091,92171,59334,68028,34368,58403,18068
신논현,언주,9,5091,15140,7390,48786,29116,8768,44047,10197,21968,8214,13731,5353
언주,선정릉,9,10086,23801,13332,88662,40840,15604,79237,18474,44913,13555,24656,9074
선정릉,삼성중앙,9,4124,11839,5381,32362,18774,6615,31629,8586,14576,6174,9932,4178
삼성중앙,봉은사,9,7391,26702,8172,72133,42689,13666,67797,15175,36213,9581,27466,5302
봉은사,종합운동장,9,19912,11478,25304,22731,17816,18586,21877,29481,11645,21178,8818,13189
종합운동장,삼전,9,14999,3474,24867,8931,8571,13300,10241,21004,5486,19121,5001,11563
삼전,석촌고분,9,11860,3138,21028,10513,8265,10563,11050,19222,5637,15219,4550,10410
석촌고분,석촌,9,30067,10260,42743,26236,23509,29175,29740,44457,16584,34834,15054,19955
석촌,송파나루,9,9186,2723,13196,8848,6870,9219,9973,14645,5228,12241,5926,5656
송파나루,한성백제,9,4865,1427,6726,5061,4301,3400,5461,5848,2161,5002,2018,3044
한성백제,올림픽공원(한국체대),9,20211,7589,22423,17235,18572,12929,19229,20862,8372,17823,5538,11916
올림픽공원(한국체대),둔촌오륜,9,2911,1481,3164,1830,2461,1616,1796,2131,718,2017,394,1136
둔촌오륜,중앙보훈병원,9,26349,8449,27402,15321,14595,11159,10290,19755,3690,18691,2602,9716
서울역,공덕,인천국제공항철도,39267,61215,53254,173830,81576,45730,154530,75095,62518,45386,51805,24804
공덕,홍대입구,인천국제공항철도,52417,31190,68732,96989,113785,108054,141539,134213,108422,84978,129824,44707
홍대입구,디지털미디어시티,인천국제공항철도,53946,44053,59793,133507,60273,34069,119298,60465,48774,46445,28837,26572
디지털미디어시티,마곡나루,인천국제공항철도,0,0,0,0,0,0,0,0,0,0,0,0
마곡나루,김포공항,인천국제공항철도,15564,39746,22866,45877,48313,38417,60911,39621,44434,28325,45304,13367
김포공항,계양,인천국제공항철도,39800,2765,34382,4041,6411,15402,5833,30225,3215,31750,2344,17413
계양,검암,인천국제공항철도,28979,5927,22095,12562,7083,10392,11131,20496,3977,22632,3395,11619
검암,청라국제도시,인천국제공항철도,24222,6203,15299,15818,9293,7495,17610,16169,4612,19597,3082,10499
청라국제도시,영종,인천국제공항철도,8291,1697,6178,3122,3583,5436,2854,5853,1834,8301,1596,4934
영종,운서,인천국제공항철도,14394,6820,15524,10618,11062,9693,9169,18231,4901,12901,5157,9610
운서,공항화물청사,인천국제공항철도,1581,12869,2235,18252,8115,1193,15620,823,3796,939,2070,1507
공항화물청사,인천공항1터미널,인천국제공항철도,2996,10596,5466,17710,10586,6532,15847,2701,6513,1911,4433,2667
인천공항1터미널,인천공항2터미널,인천국제공항철도,1551,7518,3447,8377,6689,3824,9071,1168,3650,739,2493,668
임진강,문산,경의·중앙선,12137,4842,9268,10427,7636,7117,8512,9053,3360,8472,2939,7852
문산,파주,경의·중앙선,1878,1282,1732,2957,1796,864,2773,957,634,1062,336,848
파주,월롱,경의·중앙선,1550,8110,1480,7656,6730,1698,10137,1925,3446,1957,2573,1573
월롱,금촌,경의·중앙선,13950,8396,12090,12533,9252,9499,11946,12979,5508,11234,4489,7505
금촌,금릉,경의·중앙선,12663,3844,8967,8190,6566,6616,7335,10300,3301,10462,3105,5291
금릉,운정,경의·중앙선,21982,5180,17168,8194,7244,9742,8178,16453,3510,17240,2645,9308
운정,야당,경의·중앙선,18144,3274,15208,6071,6238,11550,7188,16892,4778,16591,4890,8645
야당,탄현,경의·중앙선,29401,4455,19094,7331,6608,12925,8385,22298,4297,25801,3758,11974
탄현,일산,경의·중앙선,36895,4326,24971,8814,7240,13755,9340,28375,4945,30667,3636,13353
일산,풍산,경의·중앙선,17418,3294,13876,5941,5678,8109,6644,15336,3183,12377,3325,9157
풍산,백마,경의·중앙선,26471,4811,18800,8431,6483,8150,8496,20621,3364,20486,2552,11254
백마,곡산,경의·중앙선,1133,776,1001,1727,996,651,1344,1143,404,802,357,509
곡산,대곡,경의·중앙선,5153,1258,4443,2175,2637,1760,3371,3584,1204,2555,792,1378
대곡,능곡,경의·중앙선,12239,1895,11876,3597,3912,5844,3919,9776,2174,8761,1536,5244
능곡,행신,경의·중앙선,30556,3946,26239,7861,9080,12666,7678,29612,4153,24694,4528,11231
행신,강매,경의·중앙선,13520,966,12792,2668,2082,4795,2733,8672,936,9672,650,5577
강매,화전,경의·중앙선,2775,1577,2862,3680,3286,1749,2538,2222,1727,2195,949,1280
화전,수색,경의·중앙선,2867,4173,3130,12270,6126,3047,9870,2596,4684,2621,2724,1542
수색,디지털미디어시티,경의·중앙선,53946,44053,59793,133507,60273,34069,119298,60465,48774,46445,28837,26572
디지털미디어시티,가좌,경의·중앙선,15044,2907,18678,6074,6451,8798,6552,14264,3741,12615,2675,6802
가좌,홍대입구,경의·중앙선,52417,31190,68732,96989,113785,108054,141539,134213,108422,84978,129824,44707
홍대입구,서강대,경의·중앙선,2216,1881,2740,5495,4119,2571,4599,3078,2644,2374,2546,1539
서강대,공덕,경의·중앙선,39267,61215,53254,173830,81576,45730,154530,75095,62518,45386,51805,24804
공덕,효창공원앞,경의·중앙선,15894,9003,24470,30219,17098,13612,28533,21607,13370,16641,8384,10292
효창공원앞,용산,경의·중앙선,13704,48159,18203,107862,77094,38194,111450,40840,64667,29021,65879,17100
용산,이촌(국립중앙박물관),경의·중앙선,15206,13905,19944,27863,22509,15362,25564,22481,11374,17172,9039,10782
이촌(국립중앙박물관),서빙고,경의·중앙선,2363,3548,2186,6659,5202,1998,5141,3011,2247,2322,1446,1328
서빙고,한남,경의·중앙선,3670,8586,4975,11380,11811,4963,11984,5320,5934,4679,4313,2237
한남,옥수,경의·중앙선,16913,6527,24592,12744,13412,18555,13753,27757,8564,21359,6797,13634
옥수,응봉,경의·중앙선,5199,1304,5565,1725,2134,3096,2099,4024,1076,4292,884,2239
응봉,왕십리(성동구청),경의·중앙선,42737,20290,74276,53407,55886,65043,64038,99944,41767,65603,50049,37757
왕십리(성동구청),청량리(서울시립대입구),경의·중앙선,49954,21444,62943,43477,61613,53814,57369,73102,33127,52587,33766,29074
청량리(서울시립대입구),회기,경의·중앙선,41272,20140,54271,36447,38726,37517,33776,54457,18974,44128,17982,27155
회기,중랑,경의·중앙선,17855,2398,16164,4711,5209,11468,5435,18128,3414,12566,2824,8817
중랑,삼봉,경의·중앙선,0,0,0,0,0,0,0,0,0,0,0,0
삼봉,망우,경의·중앙선,21946,4334,19864,10915,9349,14749,9332,22633,6359,16234,4770,10787
망우,양원,경의·중앙선,3868,2161,2912,3260,3027,1970,1741,3096,770,2380,529,1758
양원,구리,경의·중앙선,45693,6867,38928,15907,16534,24125,17040,39316,10364,39458,10283,20869
구리,도농,경의·중앙선,40325,5753,30951,9300,9930,17112,10046,27500,4969,28446,4094,15176
도농,양정,경의·중앙선,1512,1423,1201,2187,2173,841,2278,1039,843,889,328,501
양정,덕소,경의·중앙선,18867,2156,15531,5781,5414,11740,5226,15612,2812,15332,2779,8354
덕소,도심,경의·중앙선,10250,1207,6443,4008,2444,4279,2889,4238,1288,5442,1005,2693
도심,팔당,경의·중앙선,849,957,1083,1723,2399,1182,2056,1330,1440,844,1454,485
팔당,운길산,경의·중앙선,956,347,999,981,1870,717,1072,655,457,944,442,439
운길산,양수,경의·중앙선,4015,826,2292,1850,2849,2604,2288,2812,974,2920,779,2236
양수,신원,경의·중앙선,301,430,217,227,354,224,544,223,60,194,50,131
신원,국수,경의·중앙선,1346,292,1060,726,679,1006,631,1150,328,1116,263,1026
국수,아신,경의·중앙선,1224,356,920,603,574,1099,695,959,330,872,160,599
아신,오빈,경의·중앙선,566,211,490,323,456,651,344,500,170,343,79,270
오빈,양평,경의·중앙선,22578,9426,24739,38653,17925,13970,32972,23202,10935,17592,7345,11598
양평,원덕,경의·중앙선,470,125,587,291,426,641,281,427,128,398,70,279
원덕,용문,경의·중앙선,1897,1011,2513,1791,2609,2837,1741,2222,985,1743,613,1915
용문,지평,경의·중앙선,188,58,131,72,36,90,25,88,104,178,0,2
서울역,신촌,경의·중앙선,461,2947,329,3477,2840,685,2578,814,1623,614,789,368
신촌,서울역,경의·중앙선,50775,123153,75302,249057,154161,78105,239432,88660,117861,61777,79384,41532
청량리(서울시립대입구),회기,경춘선,41272,20140,54271,36447,38726,37517,33776,54457,18974,44128,17982,27155
회기,중랑,경춘선,17855,2398,16164,4711,5209,11468,5435,18128,3414,12566,2824,8817
중랑,상봉(시외버스터미널),경춘선,57839,14768,78335,34123,31890,39679,34351,67734,22234,60449,19545,32720
상봉(시외버스터미널),망우,경춘선,21946,4334,19864,10915,9349,14749,9332,22633,6359,16234,4770,10787
망우,신내,경춘선,3687,1908,3498,3910,3244,2383,3016,3343,1167,2710,640,1139
신내,갈매,경춘선,14660,2133,8348,3570,2711,4618,3671,9313,1671,7368,1563,4074
갈매,별내,경춘선,7805,3392,6030,4745,4903,4400,4568,6771,2099,5881,2148,2998
별내,퇴계원,경춘선,15692,3050,10296,3601,3687,7388,4590,10576,2012,9615,1377,5879
퇴계원,사릉,경춘선,13491,4281,10235,5747,3838,5309,6084,8871,2110,11523,1174,4882
사릉,금곡,경춘선,3676,1330,3509,3679,2053,2530,2988,3109,1000,3069,709,1316
금곡,평내호평,경춘선,22236,3762,14390,8070,6540,11064,7042,14687,4190,17942,3877,8826
평내호평,천마산,경춘선,5382,1254,3899,1278,1373,2666,1540,4228,645,3865,477,2730
천마산,마석,경춘선,11708,4459,7820,5745,4625,5531,5751,7433,2434,11057,2236,5097
마석,대성리,경춘선,553,599,624,691,1265,573,847,502,340,453,210,408
대성리,청평,경춘선,2043,904,2353,1753,2132,2505,1864,2309,716,2075,704,1566
청평,상천,경춘선,343,73,451,366,564,282,222,233,143,313,61,168
상천,가평,경춘선,1647,1268,2301,3137,2470,2117,2591,1931,979,1878,839,1079
가평,굴봉산,경춘선,75,31,141,179,126,71,67,116,27,87,33,79
굴봉산,백양리,경춘선,34,360,145,547,624,126,455,76,201,64,200,100
백양리,강촌,경춘선,194,190,312,668,997,304,561,354,258,225,144,195
강촌,김유정,경춘선,198,194,206,364,525,257,327,279,159,203,119,128
김유정,남춘천,경춘선,2768,1379,2725,2260,3496,3304,2992,3292,2362,5682,2032,2284
남춘천,춘천,경춘선,977,804,1027,1285,2429,1311,1967,1147,1040,1863,728,860
판교,이매,경강선,14845,7394,14825,12607,11009,9891,11952,14308,5875,12200,4439,7538
이매,삼동,경강선,9596,2129,11315,2417,2455,4774,2456,7784,1039,7754,823,4604
삼동,경기광주,경강선,28437,4109,27367,6918,7163,13545,6766,25894,3306,22693,2412,14713
경기광주,초월,경강선,10510,3292,10930,4784,4069,4483,4426,10171,1901,7650,1301,6829
초월,곤지암,경강선,5101,4252,4659,4647,4958,3052,5147,4095,1892,4643,1178,2368
곤지암,신둔도예촌,경강선,3542,1479,2742,2492,2931,1712,2227,2456,835,3045,678,1571
신둔도예촌,이천,경강선,4850,3956,4556,5538,3971,3942,5946,5495,2841,4850,2285,3889
이천,부발,경강선,3204,3665,3060,4381,4696,2674,4860,2976,2091,3861,1757,2826
부발,세종대왕릉,경강선,599,379,532,446,543,450,468,379,130,656,78,265
세종대왕릉,여주,경강선,3522,1529,3358,1897,2637,2810,2266,3054,1873,4353,1268,2958
청량리(서울시립대입구),왕십리(성동구청),분당선,42737,20290,74276,53407,55886,65043,64038,99944,41767,65603,50049,37757
왕십리(성동구청),서울숲,분당선,10669,9400,17724,30297,17655,11577,29804,17728,14078,12897,9234,7559
서울숲,압구정로데오,분당선,4088,19618,6133,56046,48787,25166,70358,26084,55543,12476,52533,4978
압구정로데오,강남구청,분당선,10488,39451,15181,132129,60170,25265,112975,28230,67079,19324,45168,12174
강남구청,선정릉,분당선,10086,23801,13332,88662,40840,15604,79237,18474,44913,13555,24656,9074
선정릉,선릉,분당선,19902,132148,29243,340760,186812,48252,300326,54521,150917,34163,104630,20506
선릉,한티,분당선,15610,18038,18716,41241,31922,21077,36780,25409,24779,20169,29297,11654
한티,도곡,분당선,12920,21288,18276,38430,29848,14799,35322,19292,17995,15961,12911,10055
도곡,구룡,분당선,2096,2903,2470,3965,4905,1935,2878,2727,1170,2144,779,1508
구룡,개포동,분당선,6549,3807,7094,7659,7396,5367,7322,8153,3637,7030,3070,4246
개포동,대모산입구,분당선,7071,3859,8145,7109,9468,4353,6551,6117,2486,5450,1652,3368
대모산입구,수서,분당선,43333,38893,58853,79064,53623,44739,71508,66719,32137,52547,30542,33232
수서,복정,분당선,24110,10175,31542,17042,17246,15832,21437,27478,12072,20008,7782,12717
복정,가천대,분당선,15012,4973,20968,12679,9728,12591,8822,20220,5041,17561,3714,12222
가천대,태평,분당선,34773,7355,53843,15957,16231,27647,16280,40469,8382,30159,7587,22673
태평,모란,분당선,50997,22875,65328,33896,35000,42052,41735,58473,23233,43697,20023,31300
모란,야탑,분당선,43572,32781,53462,80867,49481,40907,71720,58456,32177,47466,28289,29757
야탑,이매,분당선,14845,7394,14825,12607,11009,9891,11952,14308,5875,12200,4439,7538
이매,서현,분당선,27275,31699,33179,65140,51788,39075,68309,49826,40311,37584,48320,20895
서현,수내,분당선,14981,14083,18241,46355,28776,17075,42312,22960,21867,18588,24715,10956
수내,정자,분당선,22345,22433,27141,53154,32755,24470,45844,37207,25890,29433,22528,18027
정자,미금,분당선,20307,17165,25307,35412,28795,25039,32177,33232,16865,27325,16593,18855
미금,오리,분당선,24773,12298,26366,31213,20931,13418,30094,20934,13138,19121,10823,12640
오리,죽전,분당선,33828,12251,29724,18316,20232,22645,24158,36975,15550,34731,21922,20820
죽전,보정,분당선,6718,2463,7215,3923,2993,3379,3285,5302,1366,4823,1085,3034
보정,구성,분당선,16519,3990,15932,6750,5884,9055,5834,16137,2754,15249,2392,9459
구성,신갈,분당선,15470,2370,14916,4590,4508,8173,3932,14049,1894,12647,1329,8078
신갈,기흥,분당선,29440,6782,28979,10201,12197,15879,13948,31170,7476,26575,6830,15834
기흥,상갈,분당선,16070,6162,16212,7441,7561,9142,8494,15389,4325,13839,3092,9426
상갈,청명,분당선,13877,4187,13432,6431,5523,6773,7077,12140,3042,10943,2080,7147
청명,영통,분당선,13935,6839,13999,18516,15084,14065,18807,20140,10216,14723,11489,9706
영통,망포,분당선,37667,19710,35219,39922,26675,18519,38438,34647,16396,35853,13866,22230
망포,매탄권선,분당선,15833,3496,14067,6865,6764,7722,7160,14997,3457,13076,2705,8250
매탄권선,수원시청,분당선,22542,12778,20795,37848,23159,21290,33823,33286,16667,23479,17392,15076
수원시청,매교,분당선,6764,2559,7753,5215,4805,5247,4531,7478,1981,4676,1454,3599
매교,수원,분당선,76871,39945,67549,56838,73142,77874,85263,101615,62784,78613,74550,47022
수원,고색,분당선,8456,10703,9127,13503,7657,4478,12543,6604,3794,6930,3862,6472
고색,오목천,분당선,5678,2228,5706,3512,3652,3191,4196,7313,1871,4531,1222,2522
오목천,어천,분당선,761,1335,937,1279,1133,930,1849,1463,802,1023,452,582
어천,야목,분당선,368,314,411,266,386,304,482,443,168,287,116,173
야목,사리,분당선,13732,1351,10651,2551,3533,5446,3369,13318,1899,9345,1514,5926
사리,한대앞,분당선,24915,5557,20548,12055,11394,14959,13077,24154,6991,20428,6158,14125
한대앞,중앙,분당선,45374,9760,34043,25913,23471,29833,28252,47814,18130,40286,21070,24806
중앙,고잔,분당선,24335,11103,16771,22647,15374,10843,19480,17929,7529,15645,6251,10206
고잔,초지,분당선,15748,7474,11264,9321,6645,6829,8588,11774,4080,11231,2690,7561
초지,안산,분당선,17444,36648,16534,29814,35045,16952,40295,20091,20403,17816,18744,12471
안산,신길온천,분당선,4832,2755,3941,2196,2945,2691,2971,3939,1394,3566,1136,2489
신길온천,정왕,분당선,14903,22565,11211,21919,16377,11113,21733,15306,10305,12428,8516,9888
정왕,오이도,분당선,25751,11012,19217,10323,13624,13499,14838,20553,8753,19540,6941,12928
오이도,달월,수인선,66,110,156,332,669,67,392,103,70,42,29,34
달월,월곶,수인선,7816,1759,6224,2506,3273,4966,3508,7333,2205,4699,1953,3318
월곶,소래포구,수인선,11871,2836,9788,5829,8338,7568,7142,11602,4252,7837,3793,5206
소래포구,인천논현,수인선,11858,7343,11037,11766,9936,10515,11506,15268,6959,9307,6840,6256
인천논현,호구포,수인선,5107,16989,6122,17644,11762,4641,14054,6375,4806,5281,5958,3685
호구포,남동인더스파크,수인선,1039,15842,1598,20474,11722,1309,13068,1496,4349,2041,3854,1279
남동인더스파크,원인재,수인선,11640,3796,11950,6258,5932,8901,6533,13618,3502,9482,3696,6596
원인재,연수,수인선,11697,2977,9854,8216,6520,9087,7478,12333,4302,7857,4316,5507
연수,송도,수인선,7041,1452,7180,2530,3239,4993,3101,6982,1729,5054,1302,3074
송도,인하대,수인선,18199,2871,13619,7643,8635,11156,8111,18692,4486,9604,4242,7338
인하대,숭의,수인선,10564,6329,8376,8900,7413,5983,7590,9424,3070,5437,1930,4075
숭의,신포,수인선,2355,2391,2091,5465,3710,2214,5418,3527,2063,1537,1776,1136
신포,인천,수인선,6358,5810,5090,9227,11678,5013,10379,5414,4616,4067,3750,3228
강남,양재(서초구청),신분당선,26599,86006,36546,199320,99754,41546,171013,54865,80223,38731,57021,24130
양재(서초구청),양재시민의숲,신분당선,0,0,0,0,0,0,0,0,0,0,0,0
양재시민의숲,청계산입구,신분당선,0,0,0,0,0,0,0,0,0,0,0,0
청계산입구,판교,신분당선,3487,9206,2677,21509,11454,4082,18060,3786,12672,2903,11918,1336
판교,정자,신분당선,22345,22433,27141,53154,32755,24470,45844,37207,25890,29433,22528,18027
정자,미금,신분당선,20307,17165,25307,35412,28795,25039,32177,33232,16865,27325,16593,18855
미금,동천,신분당선,0,0,0,0,0,0,0,0,0,0,0,0
동천,수지구청,신분당선,0,0,0,0,0,0,0,0,0,0,0,0
수지구청,성복,신분당선,0,0,0,0,0,0,0,0,0,0,0,0
성복,상현,신분당선,0,0,0,0,0,0,0,0,0,0,0,0
상현,광교중앙,신분당선,0,0,0,0,0,0,0,0,0,0,0,0
광교중앙,광교,신분당선,0,0,0,0,0,0,0,0,0,0,0,0
계양,귤현,인천1,0,0,0,0,0,0,0,0,0,0,0,0
귤현,박촌,인천1,0,0,0,0,0,0,0,0,0,0,0,0
박촌,임학,인천1,0,0,0,0,0,0,0,0,0,0,0,0
임학,계산,인천1,0,0,0,0,0,0,0,0,0,0,0,0
계산,경인교대입구,인천1,0,0,0,0,0,0,0,0,0,0,0,0
경인교대입구,작전,인천1,0,0,0,0,0,0,0,0,0,0,0,0
작전,갈산,인천1,0,0,0,0,0,0,0,0,0,0,0,0
갈산,부평구청,인천1,51684,8288,44421,11326,13037,14936,12460,31435,6602,33524,5210,20647
부평구청,부평시장,인천1,0,0,0,0,0,0,0,0,0,0,0,0
부평시장,부평,인천1,67884,15105,65140,27730,46090,64754,45029,95926,34403,71009,39166,38852
부평,동수,인천1,0,0,0,0,0,0,0,0,0,0,0,0
동수,부평삼거리,인천1,0,0,0,0,0,0,0,0,0,0,0,0
부평삼거리,간석오거리,인천1,0,0,0,0,0,0,0,0,0,0,0,0
간석오거리,인천시청,인천1,0,0,0,0,0,0,0,0,0,0,0,0
인천시청,예술회관,인천1,0,0,0,0,0,0,0,0,0,0,0,0
예술회관,인천터미널,인천1,0,0,0,0,0,0,0,0,0,0,0,0
인천터미널,문학경기장,인천1,0,0,0,0,0,0,0,0,0,0,0,0
문학경기장,선학,인천1,0,0,0,0,0,0,0,0,0,0,0,0
선학,신연수,인천1,0,0,0,0,0,0,0,0,0,0,0,0
신연수,원인재,인천1,11640,3796,11950,6258,5932,8901,6533,13618,3502,9482,3696,6596
원인재,동춘,인천1,0,0,0,0,0,0,0,0,0,0,0,0
동춘,동막,인천1,0,0,0,0,0,0,0,0,0,0,0,0
동막,캠퍼스타운,인천1,0,0,0,0,0,0,0,0,0,0,0,0
캠퍼스타운,테크노파크,인천1,0,0,0,0,0,0,0,0,0,0,0,0
테크노파크,지식정보단지,인천1,0,0,0,0,0,0,0,0,0,0,0,0
지식정보단지,인천대입구,인천1,0,0,0,0,0,0,0,0,0,0,0,0
인천대입구,센트럴파크,인천1,0,0,0,0,0,0,0,0,0,0,0,0
센트럴파크,국제업무지구,인천1,0,0,0,0,0,0,0,0,0,0,0,0
국제업무지구,송도달빛축제공원,인천1,0,0,0,0,0,0,0,0,0,0,0,0
검단오류,왕길,인천2,0,0,0,0,0,0,0,0,0,0,0,0
왕길,검단사거리,인천2,0,0,0,0,0,0,0,0,0,0,0,0
검단사거리,마전,인천2,0,0,0,0,0,0,0,0,0,0,0,0
마전,완정,인천2,0,0,0,0,0,0,0,0,0,0,0,0
완정,독정,인천2,0,0,0,0,0,0,0,0,0,0,0,0
독정,검암,인천2,28979,5927,22095,12562,7083,10392,11131,20496,3977,22632,3395,11619
검암,검바위,인천2,0,0,0,0,0,0,0,0,0,0,0,0
검바위,아시아드경기장,인천2,0,0,0,0,0,0,0,0,0,0,0,0
아시아드경기장,서구청,인천2,0,0,0,0,0,0,0,0,0,0,0,0
서구청,가정,인천2,0,0,0,0,0,0,0,0,0,0,0,0
가정,가정중앙시장,인천2,0,0,0,0,0,0,0,0,0,0,0,0
가정중앙시장,석남,인천2,0,0,0,0,0,0,0,0,0,0,0,0
석남,서부여성회관,인천2,0,0,0,0,0,0,0,0,0,0,0,0
서부여성회관,인천가좌,인천2,0,0,0,0,0,0,0,0,0,0,0,0
인천가좌,가재울,인천2,0,0,0,0,0,0,0,0,0,0,0,0
가재울,주안국가산단,인천2,0,0,0,0,0,0,0,0,0,0,0,0
주안국가산단,주안,인천2,50224,13793,41339,23354,28677,29310,30328,43037,16702,46652,16809,27022
주안,시민공원,인천2,0,0,0,0,0,0,0,0,0,0,0,0
시민공원,석바위시장,인천2,0,0,0,0,0,0,0,0,0,0,0,0
석바위시장,인천시청,인천2,0,0,0,0,0,0,0,0,0,0,0,0
인천시청,석천사거리,인천2,0,0,0,0,0,0,0,0,0,0,0,0
석천사거리,모래내시장,인천2,0,0,0,0,0,0,0,0,0,0,0,0
모래내시장,만수,인천2,0,0,0,0,0,0,0,0,0,0,0,0
만수,남동구청,인천2,0,0,0,0,0,0,0,0,0,0,0,0
남동구청,인천대공원,인천2,0,0,0,0,0,0,0,0,0,0,0,0
인천대공원,운연,인천2,0,0,0,0,0,0,0,0,0,0,0,0
발곡,회룡,의정부경전철,43579,6106,34815,11015,10965,22633,8838,34303,5512,34449,4663,19670
회룡,범골,의정부경전철,0,0,0,0,0,0,0,0,0,0,0,0
범골,경전철의정부,의정부경전철,0,0,0,0,0,0,0,0,0,0,0,0
경전철의정부,의정부시청,의정부경전철,0,0,0,0,0,0,0,0,0,0,0,0
의정부시청,흥선,의정부경전철,0,0,0,0,0,0,0,0,0,0,0,0
흥선,의정부중앙,의정부경전철,0,0,0,0,0,0,0,0,0,0,0,0
의정부중앙,동오,의정부경전철,0,0,0,0,0,0,0,0,0,0,0,0
동오,새말,의정부경전철,0,0,0,0,0,0,0,0,0,0,0,0
새말,경기도청북부청사,의정부경전철,0,0,0,0,0,0,0,0,0,0,0,0
경기도청북부청사,효자,의정부경전철,0,0,0,0,0,0,0,0,0,0,0,0
효자,곤제,의정부경전철,0,0,0,0,0,0,0,0,0,0,0,0
곤제,어룡,의정부경전철,0,0,0,0,0,0,0,0,0,0,0,0
어룡,송산,의정부경전철,0,0,0,0,0,0,0,0,0,0,0,0
송산,탑석,의정부경전철,0,0,0,0,0,0,0,0,0,0,0,0
기흥,강남대,에버라인,0,0,0,0,0,0,0,0,0,0,0,0
강남대,지석,에버라인,0,0,0,0,0,0,0,0,0,0,0,0
지석,어정,에버라인,0,0,0,0,0,0,0,0,0,0,0,0
어정,동백,에버라인,0,0,0,0,0,0,0,0,0,0,0,0
동백,초당,에버라인,0,0,0,0,0,0,0,0,0,0,0,0
초당,삼가,에버라인,0,0,0,0,0,0,0,0,0,0,0,0
삼가,시청·용인대,에버라인,0,0,0,0,0,0,0,0,0,0,0,0
시청·용인대,명지대,에버라인,0,0,0,0,0,0,0,0,0,0,0,0
명지대,김량장,에버라인,0,0,0,0,0,0,0,0,0,0,0,0
김량장,운동장·송담대,에버라인,0,0,0,0,0,0,0,0,0,0,0,0
운동장·송담대,고진,에버라인,0,0,0,0,0,0,0,0,0,0,0,0
고진,보평,에버라인,0,0,0,0,0,0,0,0,0,0,0,0
보평,둔전,에버라인,0,0,0,0,0,0,0,0,0,0,0,0
둔전,전대·에버랜드,에버라인,0,0,0,0,0,0,0,0,0,0,0,0
북한산우이,솔밭공원,우이신설,7221,1087,7341,1731,2267,4065,1809,6425,1160,6488,805,3749
솔밭공원,4·19민주묘지,우이신설,0,0,0,0,0,0,0,0,0,0,0,0
4·19민주묘지,가오리,우이신설,12515,1903,13053,3899,3958,7527,3541,11393,2116,11420,1603,6781
가오리,화계,우이신설,9790,1257,11643,3252,3280,5471,3021,8695,2159,8255,1418,4950
화계,삼양,우이신설,5165,782,6190,2568,2039,3775,2138,5761,1377,5118,1154,2960
삼양,삼양사거리,우이신설,5277,1497,6659,3310,2685,4422,2797,6290,1817,5130,1301,2895
삼양사거리,솔샘,우이신설,21985,1842,22810,3418,4178,10218,3601,19221,2228,18661,1830,9880
솔샘,북한산보국문,우이신설,14840,2772,19240,6328,6898,11054,6841,17897,3794,15853,2817,9718
북한산보국문,정릉,우이신설,10359,2359,13429,4635,5069,8600,5696,13674,3018,11028,2037,6557
정릉,성신여대입구(돈암),우이신설,37506,14808,49176,31973,35312,42139,41146,61655,27382,45317,29250,26101
성신여대입구(돈암),보문,우이신설,16817,7134,26120,19599,13750,13371,17995,20710,8705,16864,6429,11067
보문,신설동,우이신설,17242,26629,25470,70384,48914,22672,66751,27139,25643,19420,18847,12884
소사,소새울,서해선,0,0,0,0,0,0,0,0,0,0,0,0
소새울,시흥대야,서해선,0,0,0,0,0,0,0,0,0,0,0,0
시흥대야,신천,서해선,0,0,0,0,0,0,0,0,0,0,0,0
신천,신현,서해선,0,0,0,0,0,0,0,0,0,0,0,0
신현,시흥시청,서해선,0,0,0,0,0,0,0,0,0,0,0,0
시흥시청,시흥능곡,서해선,0,0,0,0,0,0,0,0,0,0,0,0
시흥능곡,달미,서해선,0,0,0,0,0,0,0,0,0,0,0,0
달미,선부,서해선,0,0,0,0,0,0,0,0,0,0,0,0
선부,초지,서해선,15748,7474,11264,9321,6645,6829,8588,11774,4080,11231,2690,7561
초지,원곡,서해선,0,0,0,0,0,0,0,0,0,0,0,0
원곡,원시,서해선,0,0,0,0,0,0,0,0,0,0,0,0
