from,to,line,17_in,17_out,18_in,18_out,19_in,19_out,20_in,20_out
소요산,동두천,1,6606,6747,6692,7324,3359,5898,2112,4606
동두천,보산,1,5908,4634,3876,5485,2111,5712,1627,4058
보산,동두천중앙,1,8222,9028,9277,9275,3595,8653,2516,6347
동두천중앙,지행,1,14182,22556,16370,26297,8662,24894,7325,18382
지행,덕정,1,17895,16018,16833,18508,8350,19898,5390,14153
덕정,덕계,1,4842,5613,4238,8158,1991,7580,1286,5958
덕계,양주,1,17184,21911,19453,27747,10154,27808,5270,20604
양주,녹양,1,9472,11987,10145,17393,5236,17234,3735,11852
녹양,가능,1,14009,17733,11999,23756,7803,22670,5654,14549
가능,의정부,1,54371,56128,57177,65899,38452,63958,34882,40002
의정부,회룡,1,17159,39954,15851,46506,9861,50799,7705,31939
회룡,망월사,1,22671,22699,16536,28328,9280,28775,7720,18440
망월사,도봉산,1,42414,36617,32439,48344,17519,54854,10518,34737
도봉산,도봉,1,11357,15708,12418,19675,6033,19005,4089,10941
도봉,방학,1,18315,26725,20631,34694,11332,31846,8233,19117
방학,창동,1,53884,77599,58222,111194,32781,105043,25360,67549
창동,녹천,1,7408,11038,6368,16170,4126,15700,2589,9960
녹천,월계,1,18305,16376,13678,20576,7855,19114,6501,11791
월계,광운대,1,21577,21900,17935,28850,10576,26878,9247,17542
광운대,석계,1,39230,72437,36904,98921,26709,94040,20225,58135
석계,신이문,1,11314,24849,11808,34923,8052,31396,5067,19749
신이문,외대앞,1,29701,23772,24081,29665,15734,26511,13041,17123
외대앞,회기,1,80168,65856,72382,89550,44427,77319,37966,48033
회기,청량리(서울시립대입구),1,109522,102113,95179,123920,64677,95842,64656,54536
청량리(서울시립대입구),제기동,1,57853,34803,51950,32053,27382,23387,17698,14393
제기동,신설동,1,69110,40053,102295,43168,43462,32733,27005,22211
신설동,동묘앞,1,73584,37760,67522,31531,32865,23845,19514,16754
동묘앞,동대문,1,141722,63299,134275,59317,76336,65494,55852,46316
동대문,종로5가,1,94905,44247,129691,42239,72476,25947,47890,11958
종로5가,종로3가,1,201165,112660,266933,124358,183998,74619,130293,35386
종로3가,종각,1,154174,61624,257518,77144,128618,47309,109008,19123
종각,시청,1,194011,62386,378780,64429,153827,36228,117434,20233
시청,서울역,1,285787,197502,432083,205334,235908,157095,171212,116898
서울역,남영,1,30757,19643,56995,26593,23825,19298,17528,12882
남영,용산,1,131048,84332,175955,102343,110708,68905,112654,46650
용산,노량진,1,85504,104547,111974,158024,66691,114225,68114,69551
노량진,대방,1,36966,30942,53353,45786,22186,34028,17378,23607
대방,신길,1,28325,29072,50338,41631,20306,30468,13800,21414
신길,영등포,1,142313,115255,191941,153420,122593,106641,123497,57045
영등포,신도림,1,139779,147258,185888,222474,111533,181164,92019,105365
신도림,구로,1,50259,46032,78961,54624,33843,40415,22715,26425
구로,구일,1,19750,23954,17866,41016,12886,29390,8770,15330
구일,개봉,1,39329,70804,39372,103955,24103,87784,17753,55022
개봉,오류동,1,21940,30453,20852,47807,11769,45108,9783,26830
오류동,온수(성공회대입구),1,40196,41103,34191,70652,17414,64075,14083,38552
온수(성공회대입구),역곡,1,56803,81460,52627,128522,33294,118336,26725,73136
역곡,소사,1,23136,28844,21535,34136,13276,34228,9580,21374
소사,부천,1,78910,107152,78765,150701,56341,140462,46103,80074
부천,중동,1,15471,25101,16726,34982,9346,35306,6934,20708
중동,송내,1,62435,72928,97069,109686,44850,110157,33828,66639
송내,부개,1,14984,24525,15122,34446,8727,33365,6314,20001
부개,부평,1,76196,111082,75603,156966,58582,139987,54051,79928
부평,백운,1,14524,23630,13892,31039,7737,29549,6053,19069
백운,동암,1,31234,52227,30762,69101,19584,62621,15166,43375
동암,간석,1,10877,17717,11390,23303,6940,22865,5528,14908
간석,주안,1,51923,52339,53502,70503,33794,74352,29563,46111
주안,도화,1,9077,10049,8334,11722,4082,10959,2810,7420
도화,제물포,1,30555,25815,29844,32333,14322,31588,10291,21768
제물포,도원,1,12766,8370,12894,8345,5221,6600,3831,4718
도원,동인천,1,46952,35373,57288,42781,28244,42814,19105,27890
동인천,인천,1,26210,10206,22520,10471,11960,6782,8103,4924
구로,가산디지털단지,1,216756,65510,468145,75844,204855,57172,116396,32476
가산디지털단지,독산,1,50350,31504,81727,45338,34992,42821,19561,24983
독산,금천구청,1,21473,33166,30271,48588,14118,41965,10331,24079
금천구청,석수,1,25009,26540,25643,41079,14733,35022,10109,22098
석수,관악,1,15810,19840,14132,32862,8467,28668,5920,17417
관악,안양,1,67969,67509,54373,104011,38434,88325,35606,48553
안양,명학,1,32420,17389,44944,24482,17787,22615,15740,13296
명학,금정,1,58922,67553,78886,96889,37981,83914,30380,52850
금정,군포,1,23034,13292,40403,17436,14321,15635,13204,9994
군포,당정,1,17351,16204,19256,22952,8979,22580,7127,15517
당정,의왕,1,29824,20808,29441,29254,14399,25987,10181,18102
의왕,성균관대,1,31415,41024,31342,60094,19449,59686,15997,38563
성균관대,화서,1,15498,23610,13243,34405,7917,35156,6082,20744
화서,수원,1,146552,144183,145746,164101,124761,158713,118223,87167
수원,세류,1,8739,10060,8136,13187,5127,13092,4213,10085
세류,병점,1,42934,43802,45206,51394,25924,54128,18189,39268
병점,세마,1,6753,8248,7202,9953,3443,8433,2537,7931
세마,오산대,1,10695,8632,9432,10241,4230,8735,3660,6813
오산대,오산,1,27684,27876,30886,28091,16173,32517,14611,19705
오산,진위,1,7117,3142,10033,3184,3512,2850,2122,2478
진위,송탄,1,11282,13904,11300,16624,7326,13496,5127,13333
송탄,서정리,1,22431,13289,17210,14218,10816,14288,7418,10286
서정리,지제,1,11276,4887,9872,7641,6382,5926,3816,4740
지제,평택,1,37486,43953,35641,44656,24774,33878,25289,24612
평택,성환,1,19471,8528,16832,9361,7887,8812,6410,7242
성환,직산,1,2770,1930,3382,2611,1391,2066,1105,1394
직산,두정,1,17208,14146,18169,17664,11632,13627,8561,12845
두정,천안,1,23177,17383,20486,19712,13544,12821,10797,11180
천안,봉명,1,3574,1928,2385,3357,1346,2183,1292,1577
봉명,쌍용(나사렛대),1,6380,6553,5643,7635,3415,6533,3520,4829
쌍용(나사렛대),아산,1,9318,9543,11539,7520,7953,7270,6172,5337
아산,배방,1,2542,3696,2756,3250,1547,2622,1184,2586
배방,온양온천,1,10036,10339,10628,12975,5763,8637,4017,7814
온양온천,신창(순천향대),1,7987,2918,8259,4243,3526,3776,2843,3831
금천구청,광명,1,4543,5000,13110,13509,4744,13378,4911,3857
병점,서동탄,1,2983,4389,3216,6096,1796,7302,1116,4110
시청,을지로입구,2,164731,76184,323559,85325,162553,52377,148188,31752
을지로입구,을지로3가,2,119911,56797,220300,69137,106117,44481,75356,24110
을지로3가,을지로4가,2,75955,26303,117646,23915,57831,14914,31427,9067
을지로4가,동대문역사문화공원,2,142582,80547,202205,94219,122924,111993,92796,71107
동대문역사문화공원,신당,2,57896,50674,71624,66812,44886,64090,34560,38999
신당,상왕십리,2,26816,33746,34078,53144,21716,40107,14157,26273
상왕십리,왕십리(성동구청),2,97572,103221,108727,164778,75098,123470,70654,73598
왕십리(성동구청),한양대,2,54547,17756,44293,23915,23515,13193,21484,7902
한양대,뚝섬,2,55820,36034,118274,51711,59220,33236,34233,18569
뚝섬,성수,2,90300,46285,206198,56737,90712,40939,53290,23576
성수,건대입구,2,140141,166938,155664,252716,120500,195427,122980,111922
건대입구,구의(광진구청),2,39817,59275,49205,94979,27224,77645,21222,51827
구의(광진구청),강변(동서울터미널),2,86095,114530,95090,157940,78932,123763,70662,86276
강변(동서울터미널),잠실나루,2,39784,31844,38685,46719,21289,38790,16532,24331
잠실나루,잠실(송파구청),2,268940,231497,368330,312427,264048,223094,247370,134890
잠실(송파구청),잠실새내,2,44943,67661,50202,99840,37629,80194,33045,48049
잠실새내,종합운동장,2,62230,78082,48878,79426,34592,46497,39718,26415
종합운동장,삼성(무역센터),2,215675,81409,333254,89250,210703,56530,149285,28230
삼성(무역센터),선릉,2,218717,88905,392753,100338,193903,68267,122701,39431
선릉,역삼,2,184902,60353,303219,72105,152574,53368,91600,29338
역삼,강남,2,273086,195025,396172,267945,257779,205506,213890,99112
강남,교대(법원.검찰청),2,155419,130225,248917,152264,142100,94137,135349,48592
교대(법원.검찰청),서초,2,77044,59492,123874,57689,78367,36611,68534,18076
서초,방배,2,60528,40830,85259,49140,40204,39399,30068,24927
방배,사당,2,145171,198002,174289,297042,129745,229942,119515,137225
사당,낙성대,2,56066,63935,63133,103880,38411,99963,28912,65693
낙성대,서울대입구,2,,,,,,,,
서울대입구,봉천,2,38217,59815,40156,90486,25415,83499,19307,52534
봉천,신림,2,108368,164995,115034,271595,77845,270659,62539,169696
신림,신대방,2,43343,72967,52160,103061,31150,97136,21961,64760
신대방,구로디지털단지,2,133612,131295,254236,191683,135711,164753,83059,106568
구로디지털단지,대림(구로구청),2,78838,114438,96677,125750,56842,95129,43050,65951
대림(구로구청),신도림,2,139779,147258,185888,222474,111533,181164,92019,105365
신도림,문래,2,55533,36911,105501,55937,43150,44778,27771,26253
문래,영등포구청,2,64383,47228,127930,73476,49996,53724,35826,31943
영등포구청,당산,2,92270,97471,129125,150952,70667,121015,51585,81492
당산,합정,2,122026,121081,181649,176483,123006,135548,100121,73382
합정,홍대입구,2,235063,264995,281212,343599,226023,283148,216938,169265
홍대입구,신촌(지하),2,,,,,,,,
신촌(지하),이대,2,73823,41953,62115,49770,41609,36924,34530,21567
이대,아현,2,25680,25197,25204,34000,14821,28414,10826,19279
아현,충정로(경기대입구)(경기대입구),2,,,,,,,,
충정로(경기대입구)(경기대입구),시청,2,194011,62386,378780,64429,153827,36228,117434,20233
성수,용답,2,5496,6991,4727,11012,2971,8450,1989,5471
용답,신답,2,2328,4345,2554,9511,1456,7565,852,4016
신답,용두(동대문구청),2,6063,5169,6720,8283,3098,6214,2235,3584
용두(동대문구청),신설동,2,69110,40053,102295,43168,43462,32733,27005,22211
신도림,도림천,2,3353,2153,3808,2797,1926,2531,1016,1705
도림천,양천구청,2,11164,20261,10661,32254,4792,29217,3301,17093
양천구청,신정네거리,2,18291,29370,15443,46319,8759,38340,6526,22710
신정네거리,까치산,2,38616,77186,38649,128273,24532,120045,18778,74886
대화,주엽,3,20096,25758,18635,30486,10239,31765,8758,18992
주엽,정발산,3,25734,19392,32073,25171,16864,20875,17620,12006
정발산,마두,3,19547,18250,24128,22180,12189,21449,7841,12894
마두,백석,3,27952,27111,32466,31523,18826,31769,14668,19014
백석,대곡,3,4355,3157,5810,4598,2563,4124,1467,2407
대곡,화정,3,38002,55843,37954,72596,22650,67514,18360,41254
화정,원당,3,19634,31304,18738,42278,10824,42371,7214,28141
원당,원흥,3,15560,22367,15255,31178,8080,33648,5908,20543
원흥,삼송,3,36758,44383,35207,64563,22341,61213,15655,38253
삼송,지축,3,4789,3698,2379,5185,942,4359,575,3213
지축,구파발,3,46966,48004,40781,77114,26400,72194,20340,42804
구파발,연신내,3,70439,100784,63513,156547,44608,148630,34628,91275
연신내,불광,3,51925,63347,54595,91033,31902,76830,24531,45216
불광,녹번,3,23661,31600,23035,51941,10913,48806,7998,31070
녹번,홍제,3,39300,48342,36416,69416,20157,59942,14921,38680
홍제,무악재,3,6809,11342,7784,16043,3494,15026,2537,9908
무악재,독립문,3,21673,18674,21723,22266,10533,18383,7678,11994
독립문,경복궁(정부서울청사),3,125270,45916,153247,52029,69919,37308,54177,19568
경복궁(정부서울청사),안국,3,133838,38639,149556,35845,66986,19196,50187,9913
안국,종로3가,3,201165,112660,266933,124358,183998,74619,130293,35386
종로3가,을지로3가,3,119911,56797,220300,69137,106117,44481,75356,24110
을지로3가,충무로,3,108402,51239,181066,55676,98541,35965,70702,21020
충무로,동대입구,3,49593,23228,53345,26857,30195,13760,35590,7323
동대입구,약수,3,39585,41917,52962,59071,31926,43440,24367,27922
약수,금호,3,13757,23157,13928,33673,9075,26438,6988,18946
금호,옥수,3,20711,27652,21792,39338,14373,31407,10607,22550
옥수,압구정,3,97241,66933,155554,77554,111764,48345,86630,23747
압구정,신사,3,96558,68683,154539,91090,112575,60888,77850,29062
신사,잠원,3,13854,16344,15072,21690,8427,17783,5512,11715
잠원,고속터미널,3,281870,244264,286949,266759,249402,183899,273786,112185
고속터미널,교대(법원.검찰청),3,155419,130225,248917,152264,142100,94137,135349,48592
교대(법원.검찰청),남부터미널,3,,,,,,,,
남부터미널,양재(서초구청),3,132690,75300,227746,94410,114047,70229,83269,41573
양재(서초구청),매봉,3,33995,18587,65039,23189,26086,19010,17106,11156
매봉,도곡,3,39336,24092,48963,27658,25417,25507,16477,16204
도곡,대치,3,31583,37186,31392,35113,23336,29964,16042,16801
대치,학여울,3,7769,4450,8426,5133,3902,4282,2773,2894
학여울,대청,3,23863,20776,29901,27447,13372,26998,10259,17964
대청,일원,3,32801,17903,19359,22896,11674,21139,9264,13330
일원,수서,3,82946,77034,107835,101584,52105,81616,47994,57157
수서,가락시장,3,40929,42116,63801,55968,29546,44819,24593,28176
가락시장,경찰병원,3,16778,15925,24329,23045,9090,21366,6695,12933
경찰병원,오금,3,21445,21592,30401,32867,12211,28244,8341,18206
당고개,상계,4,29177,48953,29438,70534,18631,70746,13360,45194
상계,노원,4,88585,116370,95730,166678,66696,148279,67624,84385
노원,창동,4,53884,77599,58222,111194,32781,105043,25360,67549
창동,쌍문,4,45760,76111,43836,116154,29764,118286,20517,75693
쌍문,수유(강북구청),4,67381,90740,77301,142614,48104,136526,35855,86850
수유(강북구청),미아(서울사이버대학),4,33780,38969,35257,53867,21683,49154,14604,30492
미아(서울사이버대학),미아사거리,4,53842,78620,55709,116041,41122,102386,38810,61759
미아사거리,길음,4,48593,54857,47393,79974,28471,73854,20322,45594
길음,성신여대입구(돈암),4,66904,66929,73500,92577,49631,79689,42720,48695
성신여대입구(돈암),한성대입구(삼선교),4,40679,37485,42221,46058,26286,38427,23255,25304
한성대입구(삼선교),혜화,4,132229,94352,154400,113052,96869,86733,93170,32019
혜화,동대문,4,141722,63299,134275,59317,76336,65494,55852,46316
동대문,동대문역사문화공원,4,142582,80547,202205,94219,122924,111993,92796,71107
동대문역사문화공원,충무로,4,108402,51239,181066,55676,98541,35965,70702,21020
충무로,명동,4,115758,99537,163830,94283,112702,70603,101917,45054
명동,회현(남대문시장),4,143572,35245,148332,28500,70502,17358,67793,10452
회현(남대문시장),서울역,4,285787,197502,432083,205334,235908,157095,171212,116898
서울역,숙대입구(갈월),4,45554,32330,66688,44002,35707,31147,27879,19796
숙대입구(갈월),삼각지,4,38346,22270,57242,28709,25606,20738,19377,14186
삼각지,신용산,4,54598,30680,100506,38960,48195,25814,35193,15448
신용산,이촌(국립중앙박물관),4,46872,33505,45460,43774,22239,32396,20731,18559
이촌(국립중앙박물관),동작(현충원),4,12262,10524,13234,14349,7093,11131,7431,7592
동작(현충원),총신대입구(이수),4,41738,65181,51815,95053,32195,69477,28272,39268
총신대입구(이수),사당,4,145171,198002,174289,297042,129745,229942,119515,137225
사당,남태령,4,4978,2096,4965,2442,2111,2325,1113,1541
남태령,선바위,4,27863,16035,38492,21841,19353,17756,11528,13260
선바위,경마공원,4,38790,3028,75645,2805,10887,2017,2738,1474
경마공원,대공원,4,29934,5453,26593,4084,10704,2778,7386,1330
대공원,과천,4,16402,10493,8860,15739,4596,14709,2906,9503
과천,정부과천청사,4,36744,19789,58575,30164,17595,23898,15034,12214
정부과천청사,인덕원,4,55379,56919,90722,88982,38116,83633,29062,46517
인덕원,평촌,4,40431,34206,64936,53301,30281,53126,23045,29867
평촌,범계,4,60158,75193,74671,107149,46952,98185,47706,52440
범계,금정,4,58922,67553,78886,96889,37981,83914,30380,52850
금정,산본,4,34327,49711,38244,72946,27543,68520,21066,40295
산본,수리산,4,5737,8470,6312,12821,3421,11910,2333,7882
수리산,대야미,4,10422,11184,11930,15332,6421,13259,4888,9833
대야미,반월,4,10115,11885,10245,16613,5710,13413,3740,10847
반월,상록수,4,39785,51754,35734,80521,23087,78127,18519,49541
상록수,한대앞,4,21230,22030,20788,32393,11674,28410,9485,19229
한대앞,중앙,4,41293,47869,42573,68585,28049,62443,26884,38817
중앙,고잔,4,23002,19070,24552,25201,11619,22454,8648,15139
고잔,초지,4,12871,10515,12951,14004,6085,13818,4295,9024
초지,안산,4,49428,30604,54122,37093,29340,30918,24679,21748
안산,신길온천,4,3889,4187,4100,5952,2000,4830,1406,3705
신길온천,정왕,4,30610,16921,33905,23080,18745,18671,13548,14991
정왕,오이도,4,25873,26998,24595,35494,15946,31140,10697,22498
방화,개화산,5,13113,12133,17222,17071,7784,16900,4903,10361
개화산,김포공항,5,78522,69407,103055,73088,70730,46288,60308,21639
김포공항,송정,5,17539,17622,19024,23349,11143,21706,8259,14655
송정,마곡,5,20366,11740,22903,18122,10092,16661,6754,9472
마곡,발산,5,65872,35681,82353,53184,42657,43840,32970,22656
발산,우장산,5,27302,37087,24144,58261,14008,54292,10460,31983
우장산,화곡,5,43198,73958,46089,126503,28298,114275,20347,68592
화곡,까치산,5,38616,77186,38649,128273,24532,120045,18778,74886
까치산,신정(은행정),5,16676,26242,18683,43138,9922,36617,6730,23848
신정(은행정),목동,5,32496,54554,38311,92678,20707,74232,16690,42292
목동,오목교(목동운동장앞),5,55844,63574,85071,93621,46902,67940,46620,37705
오목교(목동운동장앞),양평,5,23050,21647,39956,30551,15383,24046,9664,17140
양평,영등포구청,5,64383,47228,127930,73476,49996,53724,35826,31943
영등포구청,영등포시장,5,31469,19286,41672,29552,19522,19536,14094,11824
영등포시장,신길,5,28325,29072,50338,41631,20306,30468,13800,21414
신길,여의도,5,223752,65637,333852,84043,137622,49052,106182,25613
여의도,여의나루,5,53859,55860,75420,55933,51979,42623,49853,20760
여의나루,마포,5,34181,29894,66269,52738,27093,34377,24354,18430
마포,공덕,5,109679,76972,200920,120230,84530,78782,64670,46085
공덕,애오개,5,15196,15378,26262,24741,9783,17198,7335,10722
애오개,충정로(경기대입구)(경기대입구),5,,,,,,,,
충정로(경기대입구)(경기대입구),서대문,5,65516,24404,125266,32197,39174,20693,27989,13240
서대문,광화문(세종문화회관),5,143321,55376,262842,67445,113891,36785,83849,16084
광화문(세종문화회관),종로3가,5,201165,112660,266933,124358,183998,74619,130293,35386
종로3가,을지로4가,5,75955,26303,117646,23915,57831,14914,31427,9067
을지로4가,동대문역사문화공원,5,142582,80547,202205,94219,122924,111993,92796,71107
동대문역사문화공원,청구,5,17159,16396,28820,21810,19693,16924,11955,10782
청구,신금호,5,11029,17253,11444,28172,7981,20737,5793,12885
신금호,행당,5,11616,20818,11876,34457,7183,26323,5712,16323
행당,왕십리(성동구청),5,97572,103221,108727,164778,75098,123470,70654,73598
왕십리(성동구청),마장,5,13928,13754,15026,20277,9364,15360,7362,9137
마장,답십리,5,28812,36484,39004,59934,22097,48477,13919,28552
답십리,장한평,5,42650,38351,69225,62030,36214,51583,17995,30563
장한평,군자(능동),5,49577,59834,63507,94986,41791,79147,31740,45807
군자(능동),아차산(어린이대공원후문),5,32264,39034,32749,55980,20125,46678,13805,28015
아차산(어린이대공원후문),광나루(장신대),5,33313,30498,38797,44562,19356,35401,14594,22071
광나루(장신대),천호(풍납토성),5,88170,107838,104901,154881,71981,124712,63745,69014
천호(풍납토성),강동,5,47331,42758,50742,60866,29029,52459,19791,33753
강동,길동,5,14947,18825,16418,29128,8757,27592,7173,14099
길동,굽은다리(강동구민회관앞),5,15787,23097,17133,35980,9584,35298,8062,18754
굽은다리(강동구민회관앞),명일,5,14972,24521,13134,37491,7160,37777,5613,18559
명일,고덕,5,21237,23265,17135,31799,9471,34394,7726,18078
고덕,상일동,5,35387,28418,24075,39101,9972,48895,6254,26607
강동,둔촌동,5,20044,24681,23102,33306,13208,26318,9314,15479
둔촌동,올림픽공원(한국체대),5,35480,28020,36321,31776,21185,27838,19744,17124
올림픽공원(한국체대),방이,5,15634,19772,22397,24319,12167,22182,9670,11377
방이,오금,5,21445,21592,30401,32867,12211,28244,8341,18206
오금,개롱,5,14146,17520,15638,25362,7544,23552,5691,14384
개롱,거여,5,16166,18522,15621,24836,7214,26069,5375,14857
거여,마천,5,10339,15263,9651,17301,4128,18327,2947,10810
응암,역촌,6,6915,12496,6979,18251,4049,16707,2785,9708
역촌,불광,6,51925,63347,54595,91033,31902,76830,24531,45216
불광,독바위,6,4109,7752,3345,11529,2063,11309,1186,6983
독바위,연신내,6,70439,100784,63513,156547,44608,148630,34628,91275
연신내,구산,6,12465,15616,11328,22256,6952,21388,5570,11990
구산,응암,6,27602,47978,26269,76669,16276,73242,12079,42046
응암,새절(신사),6,24262,37374,21010,55648,13024,47150,9831,31514
새절(신사),증산(명지대앞),6,16121,28174,16963,42249,10135,38139,7529,24322
증산(명지대앞),디지털미디어시티,6,80572,51946,160597,78042,71720,62824,44111,38211
디지털미디어시티,월드컵경기장(성산),6,54391,23535,54580,19707,32591,13902,16239,7591
월드컵경기장(성산),마포구청,6,31417,30864,46058,43193,25843,36083,16508,24903
마포구청,망원,6,30982,40408,42941,54273,28927,43373,22573,23920
망원,합정,6,122026,121081,181649,176483,123006,135548,100121,73382
합정,상수,6,27870,29017,36389,39597,25571,32000,23083,17848
상수,광흥창(서강),6,22863,18381,35084,25418,16911,19508,12106,12525
광흥창(서강),대흥(서강대앞),6,25389,18711,32742,26986,16822,19814,13396,11344
대흥(서강대앞),공덕,6,109679,76972,200920,120230,84530,78782,64670,46085
공덕,효창공원앞,6,24750,19959,40008,29219,19838,21919,12063,14499
효창공원앞,삼각지,6,38346,22270,57242,28709,25606,20738,19377,14186
삼각지,녹사평(용산구청),6,18728,17513,22947,22565,15814,17747,14207,10107
녹사평(용산구청),이태원,6,42064,53819,49811,73965,41872,71751,40895,50145
이태원,한강진,6,33618,20868,37242,25804,26427,15882,20844,6340
한강진,버티고개,6,5184,5454,7005,7259,4075,6468,2768,4365
버티고개,약수,6,39585,41917,52962,59071,31926,43440,24367,27922
약수,청구,6,17159,16396,28820,21810,19693,16924,11955,10782
청구,신당,6,57896,50674,71624,66812,44886,64090,34560,38999
신당,동묘앞,6,73584,37760,67522,31531,32865,23845,19514,16754
동묘앞,창신,6,5678,6686,5931,9495,3943,8837,3511,5775
창신,보문,6,19151,18680,24671,27730,13602,23021,10016,15019
보문,안암(고대병원앞),6,50456,21687,47981,29809,29068,22778,25007,15230
안암(고대병원앞),고려대(종암),6,28357,18915,29347,28116,15471,24237,12865,14403
고려대(종암),월곡(동덕여대),6,25609,29346,31137,44461,17719,38878,13512,22914
월곡(동덕여대),상월곡(한국과학기술연구원),6,12701,13441,13203,21153,8240,19628,4546,11603
상월곡(한국과학기술연구원),돌곶이,6,16447,20954,17154,29769,12329,27364,7349,16498
돌곶이,석계,6,39230,72437,36904,98921,26709,94040,20225,58135
석계,태릉입구,6,34604,34216,37648,49885,23396,47707,17367,29311
태릉입구,화랑대(서울여대입구),6,24866,23212,21522,42591,11143,38323,8980,23129
화랑대(서울여대입구),봉화산(서울의료원),6,15677,22498,14380,35566,7641,36564,5586,22383
봉화산(서울의료원),신내,6,1965,2434,2010,2607,1181,2104,814,1158
장암,도봉산,7,42414,36617,32439,48344,17519,54854,10518,34737
도봉산,수락산,7,23015,31233,23515,45587,14350,50741,9781,33340
수락산,마들,7,15581,29202,13835,42390,8588,46473,5885,29043
마들,노원,7,88585,116370,95730,166678,66696,148279,67624,84385
노원,중계,7,27155,33879,23163,50860,13110,52817,9719,32348
중계,하계,7,38330,42389,34110,63749,20655,65335,15774,39357
하계,공릉(서울과학기술대),7,28225,29317,30474,43729,17844,43358,14747,26021
공릉(서울과학기술대),태릉입구,7,34604,34216,37648,49885,23396,47707,17367,29311
태릉입구,먹골,7,17209,26949,18444,39741,11719,39275,7996,23202
먹골,중화,7,19318,28586,22827,41207,14460,40387,9605,24636
중화,상봉(시외버스터미널),7,46966,57338,52695,85144,36817,82628,27886,47578
상봉(시외버스터미널),면목,7,28088,43287,26848,59473,21305,57429,14253,34096
면목,사가정,7,29015,41026,28876,61826,21776,56312,15252,33979
사가정,용마산,7,10279,14861,9162,22730,6371,21383,3796,13534
용마산,중곡,7,20940,23197,18248,34101,12521,32786,7763,19338
중곡,군자(능동),7,49577,59834,63507,94986,41791,79147,31740,45807
군자(능동),어린이대공원(세종대),7,59255,25824,53908,33804,29302,26314,25286,17140
어린이대공원(세종대),건대입구,7,140141,166938,155664,252716,120500,195427,122980,111922
건대입구,뚝섬유원지,7,23867,31617,27462,37956,23003,30655,20375,17828
뚝섬유원지,청담,7,63664,26130,117834,30773,69870,21310,40049,14202
청담,강남구청,7,67757,41893,144387,47568,83991,34239,53317,20178
강남구청,학동,7,63038,24269,167940,24657,83497,16924,43135,10790
학동,논현,7,51195,31761,109896,41864,65693,29301,42597,15934
논현,반포,7,18421,12385,22082,14575,14787,10716,11351,6607
반포,고속터미널,7,281870,244264,286949,266759,249402,183899,273786,112185
고속터미널,내방,7,37000,26749,75320,35030,30253,25889,22105,15631
내방,총신대입구(이수),7,41738,65181,51815,95053,32195,69477,28272,39268
총신대입구(이수),남성,7,17999,28284,20003,44074,12229,36708,10138,23029
남성,숭실대입구(살피재),7,39666,33273,32892,53891,22176,45873,19401,27600
숭실대입구(살피재),상도,7,26492,25786,27037,42624,15018,34053,12402,21624
상도,장승배기,7,17674,26439,20595,40344,11907,33406,9273,20600
장승배기,신대방삼거리,7,27139,37227,36043,63740,19535,55721,15622,34800
신대방삼거리,보라매,7,23354,18646,37006,30366,15281,24639,11370,14104
보라매,신풍,7,24012,29070,23955,42319,14022,33439,9599,20185
신풍,대림(구로구청),7,78838,114438,96677,125750,56842,95129,43050,65951
대림(구로구청),남구로,7,35996,44631,84728,41877,39926,29048,22197,19472
남구로,가산디지털단지,7,216756,65510,468145,75844,204855,57172,116396,32476
가산디지털단지,철산,7,40535,64092,44825,105858,27261,98541,23832,52619
철산,광명사거리,7,43999,66955,42249,106239,29108,90041,21653,51519
광명사거리,천왕,7,15528,22370,14780,38402,8649,37482,5826,22221
천왕,온수(성공회대입구),7,40196,41103,34191,70652,17414,64075,14083,38552
온수(성공회대입구),까치울,7,13086,19737,13303,31276,8116,27807,5953,17958
까치울,부천종합운동장,7,9620,9542,12437,15180,5710,14254,3557,8618
부천종합운동장,춘의,7,26802,14608,45653,21989,17360,20829,12048,13500
춘의,신중동,7,30811,32823,45882,50352,22029,51466,22648,26582
신중동,부천시청,7,28257,29517,30299,46975,20646,45898,20769,24368
부천시청,상동,7,30586,35656,36193,51922,23390,48949,20733,27051
상동,삼산체육관,7,9775,13192,7993,20268,5208,18238,3534,11873
삼산체육관,굴포천,7,14851,25091,16473,41760,9613,41387,7251,25182
굴포천,부평구청,7,21042,21108,18636,39036,11547,42286,7992,26333
부평구청,산곡,7,,,,,,,,
산곡,석남,7,,,,,,,,
암사,천호(풍납토성),8,88170,107838,104901,154881,71981,124712,63745,69014
천호(풍납토성),강동구청,8,20643,25661,29839,37412,12884,31456,8718,19195
강동구청,몽촌토성(평화의문),8,18630,11417,25681,14777,11776,11080,8520,7386
몽촌토성(평화의문),잠실(송파구청),8,268940,231497,368330,312427,264048,223094,247370,134890
잠실(송파구청),석촌,8,31296,36742,36952,55513,22520,46393,18217,27112
석촌,송파,8,17637,22594,20324,32810,10565,29201,7178,17614
송파,가락시장,8,40929,42116,63801,55968,29546,44819,24593,28176
가락시장,문정,8,54671,26019,128083,34711,46796,29869,29553,17587
문정,장지,8,41412,39312,59356,58019,32777,46651,24992,26875
장지,복정,8,29271,22972,31387,35586,18600,30809,13098,20807
복정,산성,8,14802,13518,10632,20092,5399,18050,3644,12835
산성,남한산성입구(성남병원.검찰청),8,,,,,,,,
남한산성입구(성남병원.검찰청),단대오거리,8,22112,25535,25891,40014,13441,34760,9514,23435
단대오거리,신흥,8,9712,14184,9088,19363,5789,16620,4729,10619
신흥,수진,8,13016,11879,10376,17880,5992,14984,4994,8982
수진,모란,8,66475,64182,63887,87324,37318,72250,26437,49062
개화,김포공항,9,78522,69407,103055,73088,70730,46288,60308,21639
김포공항,공항시장,9,5336,8252,5195,10924,3284,11344,2798,7082
공항시장,신방화,9,10613,16640,11343,25351,6621,24313,5250,15661
신방화,마곡나루,9,61660,28683,68327,44449,30683,41113,23013,25369
마곡나루,양천향교,9,21002,17406,28370,25212,12109,26847,7603,17464
양천향교,가양,9,44408,46669,48841,72715,24706,68844,17447,43916
가양,중미,9,,,,,,,,
중미,등촌,9,19609,25508,19811,39783,10088,37664,7698,20638
등촌,염창,9,25422,41390,29665,71258,15518,68701,12093,43916
염창,신목동,9,7786,8895,7613,14581,3671,12470,2813,8460
신목동,선유도,9,18872,12258,34145,19168,13405,16087,8195,9622
선유도,당산,9,92270,97471,129125,150952,70667,121015,51585,81492
당산,국회의사당,9,62608,23140,121407,21900,49049,11820,37148,6669
국회의사당,여의도,9,223752,65637,333852,84043,137622,49052,106182,25613
여의도,샛강,9,17584,11120,27383,14517,11067,9840,11542,5221
샛강,노량진,9,85504,104547,111974,158024,66691,114225,68114,69551
노량진,노들,9,8861,12156,8436,18200,5030,15047,7333,9219
노들,흑석(중앙대입구),9,30423,22818,27041,32825,16122,25899,14219,16888
흑석(중앙대입구),동작(현충원),9,12262,10524,13234,14349,7093,11131,7431,7592
동작(현충원),구반포,9,7713,7593,9935,9790,5906,7791,4345,4663
구반포,신반포,9,9055,8028,10229,10117,6366,8612,5338,4928
신반포,고속터미널,9,281870,244264,286949,266759,249402,183899,273786,112185
고속터미널,사평,9,7800,7815,8026,11053,4990,9192,3116,5871
사평,신논현,9,88244,75386,123154,112318,88278,87672,71232,44979
신논현,언주,9,31235,13303,49909,16288,25122,13593,15355,8451
언주,선정릉,9,45985,26409,95706,30963,55445,22894,30175,14049
선정릉,삼성중앙,9,17349,9654,36439,12677,18020,9645,10220,5992
삼성중앙,봉은사,9,66210,27018,97782,29700,53857,20589,38932,11436
봉은사,종합운동장,9,62230,78082,48878,79426,34592,46497,39718,26415
종합운동장,삼전,9,10131,13982,12215,21784,7071,20266,5541,12917
삼전,석촌고분,9,9398,11857,11358,17749,6001,16483,4470,11214
석촌고분,석촌,9,31296,36742,36952,55513,22520,46393,18217,27112
석촌,송파나루,9,7953,10436,10765,16245,6327,13616,5360,7019
송파나루,한성백제,9,7073,4858,8114,5956,3708,5812,2707,3492
한성백제,올림픽공원(한국체대),9,35480,28020,36321,31776,21185,27838,19744,17124
올림픽공원(한국체대),둔촌오륜,9,2399,1754,2467,2821,1213,2475,905,1553
둔촌오륜,중앙보훈병원,9,19638,14085,14985,24834,7764,22628,5740,13630
서울역,공덕,인천국제공항철도,109679,76972,200920,120230,84530,78782,64670,46085
공덕,홍대입구,인천국제공항철도,235063,264995,281212,343599,226023,283148,216938,169265
홍대입구,디지털미디어시티,인천국제공항철도,80572,51946,160597,78042,71720,62824,44111,38211
디지털미디어시티,마곡나루,인천국제공항철도,61660,28683,68327,44449,30683,41113,23013,25369
마곡나루,김포공항,인천국제공항철도,78522,69407,103055,73088,70730,46288,60308,21639
김포공항,계양,인천국제공항철도,12862,23199,11415,41399,6865,44358,5002,29519
계양,검암,인천국제공항철도,12790,17365,17332,30251,7063,33572,5590,21810
검암,청라국제도시,인천국제공항철도,14055,14244,20742,21978,6556,26847,4572,15931
청라국제도시,영종,인천국제공항철도,5739,7610,4728,9258,2873,10603,2089,7395
영종,운서,인천국제공항철도,17578,16892,15427,24133,8941,20825,8243,17113
운서,공항화물청사,인천국제공항철도,10467,1604,20579,1089,5342,2982,3605,3427
공항화물청사,인천공항1터미널,인천국제공항철도,40682,29785,40396,27502,27209,25201,24448,20974
인천공항1터미널,인천공항2터미널,인천국제공항철도,20929,11113,22050,6223,11063,3404,8559,2341
임진강,문산,경의·중앙선,14697,13531,14053,17515,6715,17155,5190,12712
문산,파주,경의·중앙선,8433,1911,6208,2064,2292,2187,1485,1912
파주,월롱,경의·중앙선,10765,3039,15487,3263,5572,3522,4355,2991
월롱,금촌,경의·중앙선,16247,18850,19337,21010,10249,22297,7432,12860
금촌,금릉,경의·중앙선,10386,14440,10594,16938,5771,17178,4695,9317
금릉,운정,경의·중앙선,11316,17196,10399,22776,5226,23730,4115,13510
운정,야당,경의·중앙선,10126,17112,9531,20623,6087,21928,5514,12193
야당,탄현,경의·중앙선,12070,21811,13665,28862,7314,35488,5796,19190
탄현,일산,경의·중앙선,15313,23614,14003,34819,7611,38852,5952,22268
일산,풍산,경의·중앙선,9546,13452,9138,19687,5424,19035,4430,13135
풍산,백마,경의·중앙선,12087,14818,13568,26497,5909,27346,4205,16609
백마,곡산,경의·중앙선,1863,1085,2157,1832,722,1418,530,874
곡산,대곡,경의·중앙선,4355,3157,5810,4598,2563,4124,1467,2407
대곡,능곡,경의·중앙선,6527,9928,6820,12711,3887,11556,2811,7846
능곡,행신,경의·중앙선,14099,20996,12653,35501,7381,36127,7097,16603
행신,강매,경의·중앙선,3623,7183,3957,10383,1762,12035,1219,6957
강매,화전,경의·중앙선,10593,3657,9909,4426,5121,4367,3890,3246
화전,수색,경의·중앙선,8562,3760,15552,3349,6449,2467,3677,1733
수색,디지털미디어시티,경의·중앙선,80572,51946,160597,78042,71720,62824,44111,38211
디지털미디어시티,가좌,경의·중앙선,10662,14133,11101,16803,6114,17219,4764,9709
가좌,홍대입구,경의·중앙선,235063,264995,281212,343599,226023,283148,216938,169265
홍대입구,서강대,경의·중앙선,6718,4574,7586,5530,4756,4377,4525,2717
서강대,공덕,경의·중앙선,109679,76972,200920,120230,84530,78782,64670,46085
공덕,효창공원앞,경의·중앙선,24750,19959,40008,29219,19838,21919,12063,14499
효창공원앞,용산,경의·중앙선,131048,84332,175955,102343,110708,68905,112654,46650
용산,이촌(국립중앙박물관),경의·중앙선,46872,33505,45460,43774,22239,32396,20731,18559
이촌(국립중앙박물관),서빙고,경의·중앙선,6978,4466,7848,5468,3406,4846,3028,2606
서빙고,한남,경의·중앙선,15386,9120,18359,10482,9735,7717,7275,4977
한남,옥수,경의·중앙선,20711,27652,21792,39338,14373,31407,10607,22550
옥수,응봉,경의·중앙선,3547,5000,3449,6147,2066,5911,1351,3633
응봉,왕십리(성동구청),경의·중앙선,97572,103221,108727,164778,75098,123470,70654,73598
왕십리(성동구청),청량리(서울시립대입구),경의·중앙선,109522,102113,95179,123920,64677,95842,64656,54536
청량리(서울시립대입구),회기,경의·중앙선,80168,65856,72382,89550,44427,77319,37966,48033
회기,중랑,경의·중앙선,8379,15280,9396,23096,5995,20683,4129,12002
중랑,삼봉,경의·중앙선,,,,,,,,
삼봉,망우,경의·중앙선,15781,22658,16315,30729,11314,27123,7882,15064
망우,양원,경의·중앙선,4386,3684,3337,4354,1752,4241,1197,2717
양원,구리,경의·중앙선,28328,39619,27277,55301,16511,53025,14710,31511
구리,도농,경의·중앙선,18161,23587,15208,37816,7741,37840,5550,22606
도농,양정,경의·중앙선,3817,1273,3979,1971,1583,1696,723,944
양정,덕소,경의·중앙선,10078,17821,9328,21752,5655,26575,4138,15618
덕소,도심,경의·중앙선,4512,6567,4559,8015,1933,7897,1487,4360
도심,팔당,경의·중앙선,4082,2397,3166,2207,2318,1534,1692,822
팔당,운길산,경의·중앙선,4902,1462,2725,1364,1105,1364,794,931
운길산,양수,경의·중앙선,6609,5694,5238,4691,2949,4903,2170,4881
양수,신원,경의·중앙선,824,429,651,478,333,319,192,320
신원,국수,경의·중앙선,1737,1608,1202,2413,677,1799,450,1937
국수,아신,경의·중앙선,2130,1868,1451,2260,1103,1746,621,1447
아신,오빈,경의·중앙선,891,1092,591,1093,233,807,157,612
오빈,양평,경의·중앙선,23050,21647,39956,30551,15383,24046,9664,17140
양평,원덕,경의·중앙선,883,1355,869,1166,352,795,213,786
원덕,용문,경의·중앙선,8967,5944,5117,4734,2829,3445,1454,4164
용문,지평,경의·중앙선,0,3,57,96,102,144,20,1
서울역,신촌,경의·중앙선,134549,112704,138925,155936,102014,115691,99920,64031
신촌,서울역,경의·중앙선,285787,197502,432083,205334,235908,157095,171212,116898
청량리(서울시립대입구),회기,경춘선,80168,65856,72382,89550,44427,77319,37966,48033
회기,중랑,경춘선,8379,15280,9396,23096,5995,20683,4129,12002
중랑,상봉(시외버스터미널),경춘선,46966,57338,52695,85144,36817,82628,27886,47578
상봉(시외버스터미널),망우,경춘선,15781,22658,16315,30729,11314,27123,7882,15064
망우,신내,경춘선,1965,2434,2010,2607,1181,2104,814,1158
신내,갈매,경춘선,4820,6054,5132,6891,2824,11746,2043,5770
갈매,별내,경춘선,7648,6890,6528,7399,3685,8484,3058,4899
별내,퇴계원,경춘선,5328,9815,6541,14812,3695,13530,2331,8401
퇴계원,사릉,경춘선,6862,7873,8520,11936,3614,16143,2259,6788
사릉,금곡,경춘선,3574,4161,4385,4633,1592,4699,940,2247
금곡,평내호평,경춘선,10583,20348,10203,19986,6155,24290,5006,13165
평내호평,천마산,경춘선,2150,5033,2304,5624,993,5994,761,4283
천마산,마석,경춘선,7742,11870,8754,11427,3910,15409,3125,8962
마석,대성리,경춘선,2072,1600,1642,1388,814,1100,450,983
대성리,청평,경춘선,6361,6014,6547,4931,2145,4654,1462,2373
청평,상천,경춘선,1514,656,721,696,321,577,120,393
상천,가평,경춘선,11985,4509,9261,4393,3843,3751,2615,2267
가평,굴봉산,경춘선,614,251,389,205,244,155,124,140
굴봉산,백양리,경춘선,505,110,278,145,113,105,60,50
백양리,강촌,경춘선,3630,809,1853,805,886,619,490,528
강촌,김유정,경춘선,1889,772,1495,596,708,413,219,283
김유정,남춘천,경춘선,8659,8741,7032,5361,5058,9583,3663,4928
남춘천,춘천,경춘선,10304,3785,6948,2949,4306,4088,2727,2029
판교,이매,경강선,21123,18191,19005,22711,10243,19903,7913,11544
이매,삼동,경강선,3549,5688,3199,8422,1439,9073,937,5706
삼동,경기광주,경강선,11597,18694,10628,32032,5174,30491,3623,19885
경기광주,초월,경강선,5591,6019,5965,10672,2828,9188,1696,8382
초월,곤지암,경강선,9284,4975,7946,6147,3374,6470,1872,3831
곤지암,신둔도예촌,경강선,5143,3064,3753,3505,1506,3899,1035,2585
신둔도예촌,이천,경강선,6652,7449,7821,8480,4437,8625,3366,6569
이천,부발,경강선,6001,4298,6869,4167,2491,5482,2200,3758
부발,세종대왕릉,경강선,877,784,696,730,270,1181,179,519
세종대왕릉,여주,경강선,8702,4953,5723,5335,3944,7476,2391,5356
청량리(서울시립대입구),왕십리(성동구청),분당선,97572,103221,108727,164778,75098,123470,70654,73598
왕십리(성동구청),서울숲,분당선,34304,17638,42486,24193,21607,19020,13131,11029
서울숲,압구정로데오,분당선,53736,36692,84838,44261,64325,30413,53393,12384
압구정로데오,강남구청,분당선,67757,41893,144387,47568,83991,34239,53317,20178
강남구청,선정릉,분당선,45985,26409,95706,30963,55445,22894,30175,14049
선정릉,선릉,분당선,218717,88905,392753,100338,193903,68267,122701,39431
선릉,한티,분당선,41888,44137,47229,40361,30376,30152,33676,18014
한티,도곡,분당선,39336,24092,48963,27658,25417,25507,16477,16204
도곡,구룡,분당선,5220,3356,4504,3824,1846,3449,1154,2237
구룡,개포동,분당선,8586,8241,8276,11191,5113,9771,3793,6119
개포동,대모산입구,분당선,8622,6760,8833,8526,4217,7519,2887,5138
대모산입구,수서,분당선,82946,77034,107835,101584,52105,81616,47994,57157
수서,복정,분당선,29271,22972,31387,35586,18600,30809,13098,20807
복정,가천대,분당선,35757,19058,24430,27555,16735,24535,14064,17869
가천대,태평,분당선,22037,38426,23336,54694,13809,43548,10540,30430
태평,모란,분당선,66475,64182,63887,87324,37318,72250,26437,49062
모란,야탑,분당선,71851,69277,100063,91438,56777,77225,42311,48031
야탑,이매,분당선,21123,18191,19005,22711,10243,19903,7913,11544
이매,서현,분당선,74787,61639,102424,77456,64776,64223,60196,36334
서현,수내,분당선,37628,28155,53532,35357,30215,27180,29765,17187
수내,정자,분당선,41813,38146,62369,55105,37263,48484,27093,30428
정자,미금,분당선,42582,41222,48195,52787,27337,45157,22220,29793
미금,오리,분당선,28540,21477,38673,31657,17835,28040,13736,19448
오리,죽전,분당선,40390,42590,44234,54576,31400,51409,32991,33086
죽전,보정,분당선,5643,6152,4160,7326,2118,6968,1611,5014
보정,구성,분당선,8590,13995,9512,20734,4487,19231,3283,12330
구성,신갈,분당선,7988,12583,6366,17986,3008,16330,2243,11920
신갈,기흥,분당선,22624,26103,22836,38666,14201,38450,11238,26282
기흥,상갈,분당선,12769,15460,13055,18624,7834,17848,5017,14346
상갈,청명,분당선,8922,10607,10581,14403,4889,14922,3463,10488
청명,영통,분당선,27910,24424,32554,31563,16974,25456,14913,17804
영통,망포,분당선,32210,31847,46546,45780,24047,47325,17559,32053
망포,매탄권선,분당선,10304,12660,9673,17831,5290,16014,3754,10894
매탄권선,수원시청,분당선,31320,31635,39670,43107,23187,41945,21822,25250
수원시청,매교,분당선,8795,6788,5940,8900,2892,6228,1894,3923
매교,수원,분당선,146552,144183,145746,164101,124761,158713,118223,87167
수원,고색,분당선,,,,,,,,
고색,오목천,분당선,,,,,,,,
오목천,어천,분당선,,,,,,,,
어천,야목,분당선,,,,,,,,
야목,사리,분당선,,,,,,,,
사리,한대앞,분당선,21230,22030,20788,32393,11674,28410,9485,19229
한대앞,중앙,분당선,41293,47869,42573,68585,28049,62443,26884,38817
중앙,고잔,분당선,23002,19070,24552,25201,11619,22454,8648,15139
고잔,초지,분당선,12871,10515,12951,14004,6085,13818,4295,9024
초지,안산,분당선,49428,30604,54122,37093,29340,30918,24679,21748
안산,신길온천,분당선,3889,4187,4100,5952,2000,4830,1406,3705
신길온천,정왕,분당선,30610,16921,33905,23080,18745,18671,13548,14991
정왕,오이도,분당선,25873,26998,24595,35494,15946,31140,10697,22498
오이도,달월,수인선,820,100,342,135,58,52,46,50
달월,월곶,수인선,5628,7715,6630,10423,4178,7151,2803,5017
월곶,소래포구,수인선,16802,14175,12737,15725,7588,12468,5993,8253
소래포구,인천논현,수인선,14907,19333,15758,21953,10480,16068,8574,10344
인천논현,호구포,수인선,13975,7756,17885,8704,6151,7251,6542,4824
호구포,남동인더스파크,수인선,12203,1808,13897,1994,4931,2409,3961,1416
남동인더스파크,원인재,수인선,8523,13879,9249,17896,5425,13110,4188,10395
원인재,연수,수인선,11121,15185,13904,20752,7312,13644,6379,10096
연수,송도,수인선,5693,8640,5399,10771,3240,6988,1989,4450
송도,인하대,수인선,16246,16767,15341,23972,9281,13220,7415,9285
인하대,숭의,수인선,10832,9017,11739,11460,5292,8025,3321,5127
숭의,신포,수인선,6252,4294,8024,5489,3325,3186,2966,2030
신포,인천,수인선,26210,10206,22520,10471,11960,6782,8103,4924
강남,양재(서초구청),신분당선,132690,75300,227746,94410,114047,70229,83269,41573
양재(서초구청),양재시민의숲,신분당선,,,,,,,,
양재시민의숲,청계산입구,신분당선,,,,,,,,
청계산입구,판교,신분당선,11654,6891,23363,6218,17767,4666,14457,2032
판교,정자,신분당선,41813,38146,62369,55105,37263,48484,27093,30428
정자,미금,신분당선,42582,41222,48195,52787,27337,45157,22220,29793
미금,동천,신분당선,,,,,,,,
동천,수지구청,신분당선,,,,,,,,
수지구청,성복,신분당선,,,,,,,,
성복,상현,신분당선,,,,,,,,
상현,광교중앙,신분당선,,,,,,,,
광교중앙,광교,신분당선,,,,,,,,
계양,귤현,인천1,,,,,,,,
귤현,박촌,인천1,,,,,,,,
박촌,임학,인천1,,,,,,,,
임학,계산,인천1,,,,,,,,
계산,경인교대입구,인천1,,,,,,,,
경인교대입구,작전,인천1,,,,,,,,
작전,갈산,인천1,,,,,,,,
갈산,부평구청,인천1,21042,21108,18636,39036,11547,42286,7992,26333
부평구청,부평시장,인천1,,,,,,,,
부평시장,부평,인천1,76196,111082,75603,156966,58582,139987,54051,79928
부평,동수,인천1,,,,,,,,
동수,부평삼거리,인천1,,,,,,,,
부평삼거리,간석오거리,인천1,,,,,,,,
간석오거리,인천시청,인천1,,,,,,,,
인천시청,예술회관,인천1,,,,,,,,
예술회관,인천터미널,인천1,,,,,,,,
인천터미널,문학경기장,인천1,,,,,,,,
문학경기장,선학,인천1,,,,,,,,
선학,신연수,인천1,,,,,,,,
신연수,원인재,인천1,8523,13879,9249,17896,5425,13110,4188,10395
원인재,동춘,인천1,,,,,,,,
동춘,동막,인천1,,,,,,,,
동막,캠퍼스타운,인천1,,,,,,,,
캠퍼스타운,테크노파크,인천1,,,,,,,,
테크노파크,지식정보단지,인천1,,,,,,,,
지식정보단지,인천대입구,인천1,,,,,,,,
인천대입구,센트럴파크,인천1,,,,,,,,
센트럴파크,국제업무지구,인천1,,,,,,,,
국제업무지구,송도달빛축제공원,인천1,,,,,,,,
검단오류,왕길,인천2,,,,,,,,
왕길,검단사거리,인천2,,,,,,,,
검단사거리,마전,인천2,,,,,,,,
마전,완정,인천2,,,,,,,,
완정,독정,인천2,,,,,,,,
독정,검암,인천2,12790,17365,17332,30251,7063,33572,5590,21810
검암,검바위,인천2,,,,,,,,
검바위,아시아드경기장,인천2,,,,,,,,
아시아드경기장,서구청,인천2,,,,,,,,
서구청,가정,인천2,,,,,,,,
가정,가정중앙시장,인천2,,,,,,,,
가정중앙시장,석남,인천2,,,,,,,,
석남,서부여성회관,인천2,,,,,,,,
서부여성회관,인천가좌,인천2,,,,,,,,
인천가좌,가재울,인천2,,,,,,,,
가재울,주안국가산단,인천2,,,,,,,,
주안국가산단,주안,인천2,51923,52339,53502,70503,33794,74352,29563,46111
주안,시민공원,인천2,,,,,,,,
시민공원,석바위시장,인천2,,,,,,,,
석바위시장,인천시청,인천2,,,,,,,,
인천시청,석천사거리,인천2,,,,,,,,
석천사거리,모래내시장,인천2,,,,,,,,
모래내시장,만수,인천2,,,,,,,,
만수,남동구청,인천2,,,,,,,,
남동구청,인천대공원,인천2,,,,,,,,
인천대공원,운연,인천2,,,,,,,,
발곡,회룡,의정부경전철,17159,39954,15851,46506,9861,50799,7705,31939
회룡,범골,의정부경전철,,,,,,,,
범골,경전철의정부,의정부경전철,,,,,,,,
경전철의정부,의정부시청,의정부경전철,,,,,,,,
의정부시청,흥선,의정부경전철,,,,,,,,
흥선,의정부중앙,의정부경전철,,,,,,,,
의정부중앙,동오,의정부경전철,,,,,,,,
동오,새말,의정부경전철,,,,,,,,
새말,경기도청북부청사,의정부경전철,,,,,,,,
경기도청북부청사,효자,의정부경전철,,,,,,,,
효자,곤제,의정부경전철,,,,,,,,
곤제,어룡,의정부경전철,,,,,,,,
어룡,송산,의정부경전철,,,,,,,,
송산,탑석,의정부경전철,,,,,,,,
기흥,강남대,에버라인,,,,,,,,
강남대,지석,에버라인,,,,,,,,
지석,어정,에버라인,,,,,,,,
어정,동백,에버라인,,,,,,,,
동백,초당,에버라인,,,,,,,,
초당,삼가,에버라인,,,,,,,,
삼가,시청·용인대,에버라인,,,,,,,,
시청·용인대,명지대,에버라인,,,,,,,,
명지대,김량장,에버라인,,,,,,,,
김량장,운동장·송담대,에버라인,,,,,,,,
운동장·송담대,고진,에버라인,,,,,,,,
고진,보평,에버라인,,,,,,,,
보평,둔전,에버라인,,,,,,,,
둔전,전대·에버랜드,에버라인,,,,,,,,
북한산우이,솔밭공원,우이신설,4317,5810,3143,7510,2022,7979,1265,5182
솔밭공원,4·19민주묘지,우이신설,,,,,,,,
4·19민주묘지,가오리,우이신설,6471,10664,5531,14411,3578,14959,2461,9308
가오리,화계,우이신설,5177,7965,4536,10910,3448,10493,1976,6106
화계,삼양,우이신설,3227,5435,3170,7272,2030,6800,1405,4237
삼양,삼양사거리,우이신설,4131,6589,3903,8534,2922,7536,2060,4259
삼양사거리,솔샘,우이신설,6738,13864,5880,22892,3717,23073,2505,13665
솔샘,북한산보국문,우이신설,12110,14502,11998,21001,7120,19663,4680,12679
북한산보국문,정릉,우이신설,8762,11040,9004,16015,5198,13264,3352,8289
정릉,성신여대입구(돈암),우이신설,66904,66929,73500,92577,49631,79689,42720,48695
성신여대입구(돈암),보문,우이신설,19151,18680,24671,27730,13602,23021,10016,15019
보문,신설동,우이신설,69110,40053,102295,43168,43462,32733,27005,22211
소사,소새울,서해선,,,,,,,,
소새울,시흥대야,서해선,,,,,,,,
시흥대야,신천,서해선,,,,,,,,
신천,신현,서해선,,,,,,,,
신현,시흥시청,서해선,,,,,,,,
시흥시청,시흥능곡,서해선,,,,,,,,
시흥능곡,달미,서해선,,,,,,,,
달미,선부,서해선,,,,,,,,
선부,초지,서해선,12871,10515,12951,14004,6085,13818,4295,9024
초지,원곡,서해선,,,,,,,,
원곡,원시,서해선,,,,,,,,
