from,to,line,7_in,7_out,8_in,8_out
소요산,동두천,1,6359,9649,7763,8523
동두천,보산,1,5641,3354,5389,3491
보산,동두천중앙,1,11954,5771,12408,11696
동두천중앙,지행,1,26948,6746,30945,15852
지행,덕정,1,25202,10637,27967,24769
덕정,덕계,1,13666,2822,13418,4366
덕계,양주,1,39303,13891,36394,14975
양주,녹양,1,22541,4898,21085,10419
녹양,가능,1,27949,5099,27954,19415
가능,의정부,1,51599,16760,50710,39559
의정부,회룡,1,66617,9093,56965,13966
회룡,망월사,1,31536,6191,30269,29464
망월사,도봉산,1,88069,12666,70511,29010
도봉산,도봉,1,23238,4431,24141,12299
도봉,방학,1,37353,8957,36983,22289
방학,창동,1,117138,23494,102768,49936
창동,녹천,1,25047,4805,23541,5878
녹천,월계,1,22088,8954,23881,14537
월계,광운대,1,39803,7571,36353,26458
광운대,석계,1,87450,17214,101957,33185
석계,신이문,1,45846,4872,49578,10332
신이문,외대앞,1,24229,6836,31135,30172
외대앞,회기,1,65305,33969,83479,78061
회기,청량리(서울시립대입구),1,81179,40220,100983,74031
청량리(서울시립대입구),제기동,1,24975,21813,37881,49490
제기동,신설동,1,27544,40572,41819,110705
신설동,동묘앞,1,18281,23634,25505,61866
동묘앞,동대문,1,25822,59420,35959,124341
동대문,종로5가,1,6257,42542,10308,125179
종로5가,종로3가,1,13691,61437,22056,185606
종로3가,종각,1,7830,102322,13019,283222
종각,시청,1,14970,139618,22367,445991
시청,서울역,1,87948,200290,157041,432584
서울역,남영,1,14160,25408,20812,73283
남영,용산,1,25499,89914,37689,174800
용산,노량진,1,87701,82657,135729,123623
노량진,대방,1,37502,37617,50801,60115
대방,신길,1,38272,24318,56514,51210
신길,영등포,1,46894,71913,68647,146469
영등포,신도림,1,170710,54709,183951,156801
신도림,구로,1,44713,34363,47258,87598
구로,구일,1,32929,9006,29924,21609
구일,개봉,1,108824,18626,107225,29350
개봉,오류동,1,58619,7656,58541,14083
오류동,온수(성공회대입구),1,78884,28165,90989,44455
온수(성공회대입구),역곡,1,145777,16612,145499,42613
역곡,소사,1,42422,10904,40076,23987
소사,부천,1,126230,24621,131609,64833
부천,중동,1,50328,6835,41724,17044
중동,송내,1,138962,43425,118297,106548
송내,부개,1,47202,7192,42497,15164
부개,부평,1,107031,25123,103536,39974
부평,백운,1,37215,6360,36525,16846
백운,동암,1,70527,17100,71137,22310
동암,간석,1,29789,4577,28717,10192
간석,주안,1,77500,25083,71931,43691
주안,도화,1,17676,4337,17478,9192
도화,제물포,1,43381,16193,40451,40646
제물포,도원,1,8593,8879,8340,31808
도원,동인천,1,51793,28022,42006,42100
동인천,인천,1,8869,10302,8825,16564
구로,가산디지털단지,1,39589,150765,42493,584401
가산디지털단지,독산,1,48119,39806,46608,105346
독산,금천구청,1,56599,16695,52821,33618
금천구청,석수,1,49360,16436,52313,21525
석수,관악,1,40028,7171,38728,12223
관악,안양,1,97382,23048,91121,61992
안양,명학,1,30870,25904,28507,69037
명학,금정,1,96848,43991,99912,89127
금정,군포,1,22751,30443,21247,53579
군포,당정,1,31742,10656,28098,21564
당정,의왕,1,33853,28973,36373,33021
의왕,성균관대,1,77487,11844,66012,34963
성균관대,화서,1,47291,7902,38087,15247
화서,수원,1,118414,77148,130899,123045
수원,세류,1,18107,5495,13889,6301
세류,병점,1,57989,22781,53159,36289
병점,세마,1,11563,4509,11315,6735
세마,오산대,1,12399,4822,9838,9801
오산대,오산,1,26992,19315,28718,23463
오산,진위,1,4179,8046,3552,8965
진위,송탄,1,14683,6371,14001,10106
송탄,서정리,1,12993,10773,14394,18545
서정리,지제,1,7626,9410,6404,7952
지제,평택,1,34317,19272,37066,26270
평택,성환,1,7240,11264,9032,20980
성환,직산,1,2329,3104,1952,3446
직산,두정,1,14728,9004,14152,22273
두정,천안,1,11898,8669,12521,14859
천안,봉명,1,3045,3815,3286,3854
봉명,쌍용(나사렛대),1,9461,2318,8110,6910
쌍용(나사렛대),아산,1,8373,5292,6514,6853
아산,배방,1,3826,1147,3248,2018
배방,온양온천,1,10496,5689,12644,9427
온양온천,신창(순천향대),1,3077,3327,2537,10945
금천구청,광명,1,16606,3778,7770,3763
병점,서동탄,1,13668,1709,6501,2614
시청,을지로입구,2,10274,125164,18612,354746
을지로입구,을지로3가,2,9411,98097,18365,249832
을지로3가,을지로4가,2,5436,46317,9867,128496
을지로4가,동대문역사문화공원,2,20577,69764,33631,190741
동대문역사문화공원,신당,2,40330,35439,64907,91806
신당,상왕십리,2,44159,12205,71058,39977
상왕십리,왕십리(성동구청),2,68648,34454,117540,83485
왕십리(성동구청),한양대,2,6737,16774,10469,71026
한양대,뚝섬,2,25301,31831,36244,132834
뚝섬,성수,2,28570,67276,36784,272062
성수,건대입구,2,79083,50751,137446,125411
건대입구,구의(광진구청),2,75311,16725,129492,41837
구의(광진구청),강변(동서울터미널),2,99323,40693,149363,64459
강변(동서울터미널),잠실나루,2,45318,24266,58145,45042
잠실나루,잠실(송파구청),2,139697,135249,211092,304565
잠실(송파구청),잠실새내,2,67113,19348,95186,33742
잠실새내,종합운동장,2,31725,41622,44586,60511
종합운동장,삼성(무역센터),2,21330,133055,28682,365239
삼성(무역센터),선릉,2,30378,150692,48756,465804
선릉,역삼,2,18488,127785,32388,365476
역삼,강남,2,49689,168785,77852,359844
강남,교대(법원.검찰청),2,41543,95259,62426,226459
교대(법원.검찰청),서초,2,17246,54842,28293,133496
서초,방배,2,29471,32092,42135,88063
방배,사당,2,163972,91750,222693,134067
사당,낙성대,2,92868,22379,144420,50301
낙성대,서울대입구,2,,,,
서울대입구,봉천,2,95318,15611,135703,30118
봉천,신림,2,246530,40093,358208,72374
신림,신대방,2,106186,21136,147556,40768
신대방,구로디지털단지,2,161283,76923,212694,274049
구로디지털단지,대림(구로구청),2,98736,33048,139323,88218
대림(구로구청),신도림,2,170710,54709,183951,156801
신도림,문래,2,48291,36034,53009,124675
문래,영등포구청,2,55387,39642,67638,151238
영등포구청,당산,2,107781,49136,138130,141717
당산,합정,2,65921,56643,90669,157391
합정,홍대입구,2,90784,55467,121226,155899
홍대입구,신촌(지하),2,,,,
신촌(지하),이대,2,19534,21968,29700,50911
이대,아현,2,29902,14229,41283,25463
아현,충정로(경기대입구)(경기대입구),2,,,,
충정로(경기대입구)(경기대입구),시청,2,14970,139618,22367,445991
성수,용답,2,8995,1850,14355,4419
용답,신답,2,7441,1005,11442,2017
신답,용두(동대문구청),2,5351,2389,8432,6582
용두(동대문구청),신설동,2,27544,40572,41819,110705
신도림,도림천,2,2979,5120,3797,6452
도림천,양천구청,2,37116,6181,36529,12148
양천구청,신정네거리,2,48933,5538,46411,13734
신정네거리,까치산,2,148476,13453,175569,24335
대화,주엽,3,29550,9626,30827,18530
주엽,정발산,3,10258,7145,11861,22875
정발산,마두,3,19390,9395,20093,24359
마두,백석,3,26592,14746,28457,30518
백석,대곡,3,7072,2006,7373,4073
대곡,화정,3,65440,14843,68343,38667
화정,원당,3,53578,9515,56380,15193
원당,원흥,3,43006,6356,45748,11417
원흥,삼송,3,79244,14780,81632,32792
삼송,지축,3,5605,2512,6814,2821
지축,구파발,3,101382,26295,100216,36065
구파발,연신내,3,159009,30284,190114,41996
연신내,불광,3,74941,17205,88384,48051
불광,녹번,3,66093,8346,76377,19104
녹번,홍제,3,70083,14122,84555,32348
홍제,무악재,3,17283,3319,19690,6877
무악재,독립문,3,19952,18843,24869,23292
독립문,경복궁(정부서울청사),3,17227,47101,25344,142350
경복궁(정부서울청사),안국,3,7652,105664,11364,129602
안국,종로3가,3,13691,61437,22056,185606
종로3가,을지로3가,3,9411,98097,18365,249832
을지로3가,충무로,3,12708,56447,20253,218291
충무로,동대입구,3,6226,22361,9823,81095
동대입구,약수,3,36263,23286,56009,58257
약수,금호,3,31189,4904,43702,9499
금호,옥수,3,28232,9258,40603,18205
옥수,압구정,3,19385,55152,33394,163158
압구정,신사,3,13881,43730,22949,122498
신사,잠원,3,20531,8811,29536,11925
잠원,고속터미널,3,58586,128065,102393,195138
고속터미널,교대(법원.검찰청),3,41543,95259,62426,226459
교대(법원.검찰청),남부터미널,3,,,,
남부터미널,양재(서초구청),3,39809,111081,54968,275328
양재(서초구청),매봉,3,17452,20618,22689,74439
매봉,도곡,3,20842,28949,30959,54977
도곡,대치,3,31425,20823,33475,30694
대치,학여울,3,4585,3686,5375,8084
학여울,대청,3,32003,17529,38219,27561
대청,일원,3,26485,29220,26297,28037
일원,수서,3,70571,62882,97044,108090
수서,가락시장,3,36438,24881,44133,73533
가락시장,경찰병원,3,25716,7915,31105,33799
경찰병원,오금,3,41999,15694,47885,38264
당고개,상계,4,106104,19295,97637,23077
상계,노원,4,106731,39199,114610,83176
노원,창동,4,117138,23494,102768,49936
창동,쌍문,4,148952,17049,161227,33099
쌍문,수유(강북구청),4,138027,24157,155706,65156
수유(강북구청),미아(서울사이버대학),4,60004,21425,67590,41651
미아(서울사이버대학),미아사거리,4,109998,23856,124143,39780
미아사거리,길음,4,98475,17663,105454,43128
길음,성신여대입구(돈암),4,60612,25353,77228,61793
성신여대입구(돈암),한성대입구(삼선교),4,38095,22600,49531,44575
한성대입구(삼선교),혜화,4,20036,53777,28688,142687
혜화,동대문,4,25822,59420,35959,124341
동대문,동대문역사문화공원,4,20577,69764,33631,190741
동대문역사문화공원,충무로,4,12708,56447,20253,218291
충무로,명동,4,7480,56951,17054,147707
명동,회현(남대문시장),4,7436,57963,12179,178130
회현(남대문시장),서울역,4,87948,200290,157041,432584
서울역,숙대입구(갈월),4,20509,26436,32323,70708
숙대입구(갈월),삼각지,4,14299,24755,22103,56992
삼각지,신용산,4,12253,33470,18858,107626
신용산,이촌(국립중앙박물관),4,25428,20731,34767,39755
이촌(국립중앙박물관),동작(현충원),4,11244,6071,15561,12656
동작(현충원),총신대입구(이수),4,54564,20915,75615,47807
총신대입구(이수),사당,4,163972,91750,222693,134067
사당,남태령,4,3482,4506,5265,6134
남태령,선바위,4,24193,24501,30741,28959
선바위,경마공원,4,2267,6393,3423,17920
경마공원,대공원,4,1093,9417,1375,35794
대공원,과천,4,21261,4575,21741,9404
과천,정부과천청사,4,20306,26761,19723,76756
정부과천청사,인덕원,4,93685,32469,88248,113860
인덕원,평촌,4,68581,31346,59202,84880
평촌,범계,4,105894,26612,97379,69339
범계,금정,4,96848,43991,99912,89127
금정,산본,4,68343,16523,64528,35392
산본,수리산,4,22594,4160,21429,6994
수리산,대야미,4,19351,5419,21471,9219
대야미,반월,4,18724,4820,20243,8970
반월,상록수,4,91498,19122,88567,33356
상록수,한대앞,4,33051,8668,29359,22369
한대앞,중앙,4,56098,17915,48466,40038
중앙,고잔,4,32989,12956,25120,29469
고잔,초지,4,18918,10461,15980,15824
초지,안산,4,29012,44046,30924,38250
안산,신길온천,4,8426,4034,7508,2719
신길온천,정왕,4,19801,25807,18107,34580
정왕,오이도,4,45015,16039,39085,19135
방화,개화산,5,24389,7230,22182,19161
개화산,김포공항,5,27136,63092,39285,69762
김포공항,송정,5,26598,9229,27953,16933
송정,마곡,5,25603,9400,25513,27758
마곡,발산,5,32178,31455,32941,101815
발산,우장산,5,66189,21085,70062,28981
우장산,화곡,5,131990,15573,169927,33141
화곡,까치산,5,148476,13453,175569,24335
까치산,신정(은행정),5,69188,9817,87708,15165
신정(은행정),목동,5,70013,18803,88225,33828
목동,오목교(목동운동장앞),5,56714,26363,68644,82982
오목교(목동운동장앞),양평,5,34920,13115,36328,47591
양평,영등포구청,5,55387,39642,67638,151238
영등포구청,영등포시장,5,19239,13879,28490,40177
영등포시장,신길,5,38272,24318,56514,51210
신길,여의도,5,21355,246417,29358,401281
여의도,여의나루,5,5900,30764,10379,64865
여의나루,마포,5,27946,22360,42150,77382
마포,공덕,5,57816,76236,83563,240009
공덕,애오개,5,21067,10109,30371,33139
애오개,충정로(경기대입구)(경기대입구),5,,,,
충정로(경기대입구)(경기대입구),서대문,5,18791,55490,25924,167868
서대문,광화문(세종문화회관),5,10960,85174,17359,315457
광화문(세종문화회관),종로3가,5,13691,61437,22056,185606
종로3가,을지로4가,5,5436,46317,9867,128496
을지로4가,동대문역사문화공원,5,20577,69764,33631,190741
동대문역사문화공원,청구,5,15792,11494,25658,44659
청구,신금호,5,24389,11043,34136,13779
신금호,행당,5,37202,5733,53751,10473
행당,왕십리(성동구청),5,68648,34454,117540,83485
왕십리(성동구청),마장,5,17744,8674,24007,19601
마장,답십리,5,61454,13909,86807,41227
답십리,장한평,5,54046,23724,74609,73074
장한평,군자(능동),5,76132,18859,117770,53408
군자(능동),아차산(어린이대공원후문),5,49116,14440,71097,30195
아차산(어린이대공원후문),광나루(장신대),5,45265,17167,56704,41066
광나루(장신대),천호(풍납토성),5,84337,41961,114058,74516
천호(풍납토성),강동,5,72522,28861,90610,44170
강동,길동,5,25964,6285,30901,16330
길동,굽은다리(강동구민회관앞),5,42402,7015,45081,14756
굽은다리(강동구민회관앞),명일,5,42908,6139,39368,14178
명일,고덕,5,38302,16426,33262,18748
고덕,상일동,5,86544,14782,66283,19845
강동,둔촌동,5,28176,11157,32142,23031
둔촌동,올림픽공원(한국체대),5,28256,14273,31423,31776
올림픽공원(한국체대),방이,5,22020,9791,21348,25893
방이,오금,5,41999,15694,47885,38264
오금,개롱,5,32394,8673,27068,18278
개롱,거여,5,39060,7876,34670,17795
거여,마천,5,26589,4558,24521,10757
응암,역촌,6,18261,3419,19477,9401
역촌,불광,6,74941,17205,88384,48051
불광,독바위,6,15172,2106,15388,3220
독바위,연신내,6,159009,30284,190114,41996
연신내,구산,6,32558,9127,40093,7952
구산,응암,6,79257,11199,100320,19558
응암,새절(신사),6,61353,10967,74529,20117
새절(신사),증산(명지대앞),6,45439,6576,55708,13438
증산(명지대앞),디지털미디어시티,6,76169,58443,85285,178752
디지털미디어시티,월드컵경기장(성산),6,10261,8065,12598,18891
월드컵경기장(성산),마포구청,6,45043,16145,61584,40955
마포구청,망원,6,31204,9127,45557,34258
망원,합정,6,65921,56643,90669,157391
합정,상수,6,11091,7952,16828,32217
상수,광흥창(서강),6,20925,19032,28678,42694
광흥창(서강),대흥(서강대앞),6,16356,15848,23986,44201
대흥(서강대앞),공덕,6,57816,76236,83563,240009
공덕,효창공원앞,6,22786,13163,36831,44284
효창공원앞,삼각지,6,14299,24755,22103,56992
삼각지,녹사평(용산구청),6,5954,9624,10694,17730
녹사평(용산구청),이태원,6,16766,11933,21272,34358
이태원,한강진,6,4207,19582,5904,39530
한강진,버티고개,6,5882,2874,9483,6162
버티고개,약수,6,36263,23286,56009,58257
약수,청구,6,15792,11494,25658,44659
청구,신당,6,40330,35439,64907,91806
신당,동묘앞,6,18281,23634,25505,61866
동묘앞,창신,6,16597,6384,20818,8832
창신,보문,6,24705,12400,40553,27137
보문,안암(고대병원앞),6,9740,17960,14849,61867
안암(고대병원앞),고려대(종암),6,23476,12340,32585,37130
고려대(종암),월곡(동덕여대),6,46856,8765,53347,33173
월곡(동덕여대),상월곡(한국과학기술연구원),6,27103,4346,30966,18998
상월곡(한국과학기술연구원),돌곶이,6,34642,7118,41319,19373
돌곶이,석계,6,87450,17214,101957,33185
석계,태릉입구,6,43639,16548,54519,39377
태릉입구,화랑대(서울여대입구),6,71077,9277,69127,20543
화랑대(서울여대입구),봉화산(서울의료원),6,58923,7398,53484,13564
봉화산(서울의료원),신내,6,2825,3840,2845,3329
장암,도봉산,7,88069,12666,70511,29010
도봉산,수락산,7,58637,9594,55498,19790
수락산,마들,7,67488,8866,63350,11572
마들,노원,7,106731,39199,114610,83176
노원,중계,7,72417,19309,74437,35071
중계,하계,7,80027,20314,84496,32430
하계,공릉(서울과학기술대),7,42738,13799,48761,33645
공릉(서울과학기술대),태릉입구,7,43639,16548,54519,39377
태릉입구,먹골,7,43026,6101,51184,16262
먹골,중화,7,43304,10173,56392,25266
중화,상봉(시외버스터미널),7,83255,21238,104293,48584
상봉(시외버스터미널),면목,7,65102,10860,84103,36049
면목,사가정,7,56109,13660,72782,29915
사가정,용마산,7,27962,4779,34503,11013
용마산,중곡,7,36836,12395,52322,22616
중곡,군자(능동),7,76132,18859,117770,53408
군자(능동),어린이대공원(세종대),7,19740,16846,34986,69312
어린이대공원(세종대),건대입구,7,79083,50751,137446,125411
건대입구,뚝섬유원지,7,23554,7283,34892,15741
뚝섬유원지,청담,7,13888,63872,20487,170520
청담,강남구청,7,16098,46268,24042,173646
강남구청,학동,7,10011,50842,14419,193689
학동,논현,7,10513,45859,18569,128661
논현,반포,7,10865,13662,15700,25469
반포,고속터미널,7,58586,128065,102393,195138
고속터미널,내방,7,19595,23485,32709,87813
내방,총신대입구(이수),7,54564,20915,75615,47807
총신대입구(이수),남성,7,43291,7520,65748,18139
남성,숭실대입구(살피재),7,44012,10400,64161,42384
숭실대입구(살피재),상도,7,36553,9291,50701,30177
상도,장승배기,7,35158,9565,52326,21421
장승배기,신대방삼거리,7,57124,15549,91609,38654
신대방삼거리,보라매,7,22448,20964,34230,47863
보라매,신풍,7,40233,12838,53767,23694
신풍,대림(구로구청),7,98736,33048,139323,88218
대림(구로구청),남구로,7,34718,27374,41695,109859
남구로,가산디지털단지,7,39589,150765,42493,584401
가산디지털단지,철산,7,100670,17069,110946,35004
철산,광명사거리,7,101188,18293,126107,31110
광명사거리,천왕,7,48374,7478,57881,14649
천왕,온수(성공회대입구),7,78884,28165,90989,44455
온수(성공회대입구),까치울,7,35020,5831,44152,11427
까치울,부천종합운동장,7,22111,6064,26437,12479
부천종합운동장,춘의,7,26941,28410,28287,55214
춘의,신중동,7,51771,14533,50667,47081
신중동,부천시청,7,46939,15958,45220,29462
부천시청,상동,7,47572,13724,44144,32286
상동,삼산체육관,7,28710,3316,27169,8203
삼산체육관,굴포천,7,42105,5657,42605,12507
굴포천,부평구청,7,72582,12423,59369,14166
부평구청,산곡,7,,,,
산곡,석남,7,,,,
암사,천호(풍납토성),8,84337,41961,114058,74516
천호(풍납토성),강동구청,8,35049,14360,47183,35575
강동구청,몽촌토성(평화의문),8,9801,9808,15082,31200
몽촌토성(평화의문),잠실(송파구청),8,139697,135249,211092,304565
잠실(송파구청),석촌,8,40829,13103,54796,32760
석촌,송파,8,37519,15091,44415,21672
송파,가락시장,8,36438,24881,44133,73533
가락시장,문정,8,26388,37989,35669,165125
문정,장지,8,56611,20446,66613,55600
장지,복정,8,37879,13388,48745,24104
복정,산성,8,21978,4805,28850,13149
산성,남한산성입구(성남병원.검찰청),8,,,,
남한산성입구(성남병원.검찰청),단대오거리,8,41487,12014,50555,23186
단대오거리,신흥,8,14058,3483,18298,5907
신흥,수진,8,16753,4927,24307,14498
수진,모란,8,74478,31374,97548,53757
개화,김포공항,9,27136,63092,39285,69762
김포공항,공항시장,9,9241,2070,10667,4307
공항시장,신방화,9,30813,5917,31191,11608
신방화,마곡나루,9,39428,26637,43429,73742
마곡나루,양천향교,9,29347,10349,30542,32859
양천향교,가양,9,80959,27183,88507,44796
가양,중미,9,,,,
중미,등촌,9,38662,7583,44668,19233
등촌,염창,9,82457,9203,92715,24550
염창,신목동,9,20735,3630,19627,5710
신목동,선유도,9,19147,10271,20720,36180
선유도,당산,9,107781,49136,138130,141717
당산,국회의사당,9,4353,44885,7195,146410
국회의사당,여의도,9,21355,246417,29358,401281
여의도,샛강,9,5030,12458,6397,26902
샛강,노량진,9,87701,82657,135729,123623
노량진,노들,9,18474,3166,21012,4789
노들,흑석(중앙대입구),9,19263,12400,24857,28905
흑석(중앙대입구),동작(현충원),9,11244,6071,15561,12656
동작(현충원),구반포,9,5035,3439,6758,6829
구반포,신반포,9,6008,7377,8673,8843
신반포,고속터미널,9,58586,128065,102393,195138
고속터미널,사평,9,10129,4607,12140,6960
사평,신논현,9,35004,48169,49163,107845
신논현,언주,9,6918,14754,10038,46297
언주,선정릉,9,15424,28280,20209,105968
선정릉,삼성중앙,9,5700,8993,6788,37374
삼성중앙,봉은사,9,10903,35958,11299,103144
봉은사,종합운동장,9,31725,41622,44586,60511
종합운동장,삼전,9,16861,3068,26030,7833
삼전,석촌고분,9,13991,3640,21779,8664
석촌고분,석촌,9,40829,13103,54796,32760
석촌,송파나루,9,9913,2551,13139,7755
송파나루,한성백제,9,6306,1557,7938,5604
한성백제,올림픽공원(한국체대),9,28256,14273,31423,31776
올림픽공원(한국체대),둔촌오륜,9,2869,4529,3470,2245
둔촌오륜,중앙보훈병원,9,32323,11305,32245,16880
서울역,공덕,인천국제공항철도,57816,76236,83563,240009
공덕,홍대입구,인천국제공항철도,90784,55467,121226,155899
홍대입구,디지털미디어시티,인천국제공항철도,76169,58443,85285,178752
디지털미디어시티,마곡나루,인천국제공항철도,39428,26637,43429,73742
마곡나루,김포공항,인천국제공항철도,27136,63092,39285,69762
김포공항,계양,인천국제공항철도,64446,4308,52569,7276
계양,검암,인천국제공항철도,46253,8851,33479,16804
검암,청라국제도시,인천국제공항철도,36942,8261,23382,19354
청라국제도시,영종,인천국제공항철도,11859,2684,9149,3854
영종,운서,인천국제공항철도,21162,10600,20689,16026
운서,공항화물청사,인천국제공항철도,2173,15696,2680,27336
공항화물청사,인천공항1터미널,인천국제공항철도,22310,38326,22777,43518
인천공항1터미널,인천공항2터미널,인천국제공항철도,7988,16048,8190,14286
임진강,문산,경의·중앙선,20547,8266,21741,16117
문산,파주,경의·중앙선,3516,2769,4465,10021
파주,월롱,경의·중앙선,2672,10091,3071,16835
월롱,금촌,경의·중앙선,24154,12112,25275,19018
금촌,금릉,경의·중앙선,20004,5477,16739,10913
금릉,운정,경의·중앙선,33559,6102,30349,9541
운정,야당,경의·중앙선,25416,4757,23655,8441
야당,탄현,경의·중앙선,46804,7037,32785,11274
탄현,일산,경의·중앙선,56273,7920,39988,20119
일산,풍산,경의·중앙선,27240,4472,22657,8125
풍산,백마,경의·중앙선,40537,7877,31868,13683
백마,곡산,경의·중앙선,2146,1671,1753,2978
곡산,대곡,경의·중앙선,7072,2006,7373,4073
대곡,능곡,경의·중앙선,18624,3002,19161,6793
능곡,행신,경의·중앙선,45435,5795,39984,11579
행신,강매,경의·중앙선,20757,1319,18244,3783
강매,화전,경의·중앙선,4283,2542,6442,10680
화전,수색,경의·중앙선,2754,5118,3426,17791
수색,디지털미디어시티,경의·중앙선,76169,58443,85285,178752
디지털미디어시티,가좌,경의·중앙선,22515,4064,26905,9218
가좌,홍대입구,경의·중앙선,90784,55467,121226,155899
홍대입구,서강대,경의·중앙선,3452,4599,4072,9922
서강대,공덕,경의·중앙선,57816,76236,83563,240009
공덕,효창공원앞,경의·중앙선,22786,13163,36831,44284
효창공원앞,용산,경의·중앙선,25499,89914,37689,174800
용산,이촌(국립중앙박물관),경의·중앙선,25428,20731,34767,39755
이촌(국립중앙박물관),서빙고,경의·중앙선,3554,4796,4586,8851
서빙고,한남,경의·중앙선,6040,10812,8019,16135
한남,옥수,경의·중앙선,28232,9258,40603,18205
옥수,응봉,경의·중앙선,8421,1889,9641,2923
응봉,왕십리(성동구청),경의·중앙선,68648,34454,117540,83485
왕십리(성동구청),청량리(서울시립대입구),경의·중앙선,81179,40220,100983,74031
청량리(서울시립대입구),회기,경의·중앙선,65305,33969,83479,78061
회기,중랑,경의·중앙선,26298,4088,25029,7296
중랑,삼봉,경의·중앙선,,,,
삼봉,망우,경의·중앙선,34749,6252,30093,17515
망우,양원,경의·중앙선,6662,10915,4660,6964
양원,구리,경의·중앙선,67934,13654,57326,23766
구리,도농,경의·중앙선,58035,9942,51426,15879
도농,양정,경의·중앙선,2857,2418,2356,4300
양정,덕소,경의·중앙선,29960,4510,30788,8512
덕소,도심,경의·중앙선,17157,2235,13470,5973
도심,팔당,경의·중앙선,1690,1238,1770,2444
팔당,운길산,경의·중앙선,1917,1199,2293,1871
운길산,양수,경의·중앙선,8111,2859,5398,3924
양수,신원,경의·중앙선,619,303,520,809
신원,국수,경의·중앙선,2777,645,2417,2371
국수,아신,경의·중앙선,2584,802,1831,2378
아신,오빈,경의·중앙선,1261,338,1201,680
오빈,양평,경의·중앙선,34920,13115,36328,47591
양평,원덕,경의·중앙선,1361,542,1464,802
원덕,용문,경의·중앙선,4610,2505,6079,5310
용문,지평,경의·중앙선,351,280,260,191
서울역,신촌,경의·중앙선,42422,48595,64556,114076
신촌,서울역,경의·중앙선,87948,200290,157041,432584
청량리(서울시립대입구),회기,경춘선,65305,33969,83479,78061
회기,중랑,경춘선,26298,4088,25029,7296
중랑,상봉(시외버스터미널),경춘선,83255,21238,104293,48584
상봉(시외버스터미널),망우,경춘선,34749,6252,30093,17515
망우,신내,경춘선,2825,3840,2845,3329
신내,갈매,경춘선,17163,2689,11782,5816
갈매,별내,경춘선,10361,4241,9958,7607
별내,퇴계원,경춘선,23046,3807,17096,5844
퇴계원,사릉,경춘선,20854,7039,17368,7911
사릉,금곡,경춘선,6470,2541,6604,5301
금곡,평내호평,경춘선,31155,4753,24416,10053
평내호평,천마산,경춘선,9266,1888,7623,1672
천마산,마석,경춘선,20126,6465,14875,9017
마석,대성리,경춘선,1365,944,1404,1593
대성리,청평,경춘선,4499,2449,6888,5310
청평,상천,경춘선,686,382,922,1110
상천,가평,경춘선,3171,3618,4601,7803
가평,굴봉산,경춘선,168,261,250,466
굴봉산,백양리,경춘선,68,355,128,371
백양리,강촌,경춘선,539,541,557,3165
강촌,김유정,경춘선,579,529,492,1133
김유정,남춘천,경춘선,4905,3193,6332,6470
남춘천,춘천,경춘선,2163,2920,3102,6640
판교,이매,경강선,22044,13524,25505,22150
이매,삼동,경강선,12593,2149,15174,2477
삼동,경기광주,경강선,37663,4987,43126,11280
경기광주,초월,경강선,13021,4010,14785,5911
초월,곤지암,경강선,7088,5112,6861,8054
곤지암,신둔도예촌,경강선,4511,2094,4517,4374
신둔도예촌,이천,경강선,8262,5449,8430,8833
이천,부발,경강선,5508,4620,5483,7448
부발,세종대왕릉,경강선,1053,514,1127,590
세종대왕릉,여주,경강선,6485,2804,5898,5705
청량리(서울시립대입구),왕십리(성동구청),분당선,68648,34454,117540,83485
왕십리(성동구청),서울숲,분당선,15547,12808,26222,38253
서울숲,압구정로데오,분당선,6187,22499,10553,74242
압구정로데오,강남구청,분당선,16098,46268,24042,173646
강남구청,선정릉,분당선,15424,28280,20209,105968
선정릉,선릉,분당선,30378,150692,48756,465804
선릉,한티,분당선,23615,24391,30716,50303
한티,도곡,분당선,20842,28949,30959,54977
도곡,구룡,분당선,3197,8794,5483,5971
구룡,개포동,분당선,9153,5985,10801,10003
개포동,대모산입구,분당선,10862,4577,13317,10530
대모산입구,수서,분당선,70571,62882,97044,108090
수서,복정,분당선,37879,13388,48745,24104
복정,가천대,분당선,19401,7678,29212,45242
가천대,태평,분당선,47829,9342,71143,18505
태평,모란,분당선,74478,31374,97548,53757
모란,야탑,분당선,63937,43734,80713,106822
야탑,이매,분당선,22044,13524,25505,22150
이매,서현,분당선,39764,41270,51004,90822
서현,수내,분당선,20844,16947,28326,59743
수내,정자,분당선,32981,24986,41783,69600
정자,미금,분당선,30911,20988,41176,52604
미금,오리,분당선,36100,14697,40989,36716
오리,죽전,분당선,51144,20000,49543,36329
죽전,보정,분당선,10975,2649,13149,7547
보정,구성,분당선,24999,5072,26657,9167
구성,신갈,분당선,21622,2538,24590,7538
신갈,기흥,분당선,43272,9613,46792,26355
기흥,상갈,분당선,24022,7405,27898,12224
상갈,청명,분당선,21029,6101,21901,10852
청명,영통,분당선,21706,10426,23344,31368
영통,망포,분당선,56799,21422,57760,42109
망포,매탄권선,분당선,20755,4485,21613,11306
매탄권선,수원시청,분당선,26872,15814,27780,46089
수원시청,매교,분당선,8290,5903,9976,11870
매교,수원,분당선,118414,77148,130899,123045
수원,고색,분당선,,,,
고색,오목천,분당선,,,,
오목천,어천,분당선,,,,
어천,야목,분당선,,,,
야목,사리,분당선,,,,
사리,한대앞,분당선,33051,8668,29359,22369
한대앞,중앙,분당선,56098,17915,48466,40038
중앙,고잔,분당선,32989,12956,25120,29469
고잔,초지,분당선,18918,10461,15980,15824
초지,안산,분당선,29012,44046,30924,38250
안산,신길온천,분당선,8426,4034,7508,2719
신길온천,정왕,분당선,19801,25807,18107,34580
정왕,오이도,분당선,45015,16039,39085,19135
오이도,달월,수인선,102,155,83,401
달월,월곶,수인선,10187,2754,10126,2919
월곶,소래포구,수인선,17341,4063,14160,7997
소래포구,인천논현,수인선,18049,8828,17398,17182
인천논현,호구포,수인선,8017,18304,10053,19191
호구포,남동인더스파크,수인선,1172,17226,2135,21353
남동인더스파크,원인재,수인선,16096,5160,18602,8206
원인재,연수,수인선,16722,5627,16846,13865
연수,송도,수인선,11354,2494,12536,4289
송도,인하대,수인선,22959,5134,21030,18670
인하대,숭의,수인선,13114,9268,12705,13741
숭의,신포,수인선,3200,4439,3205,10902
신포,인천,수인선,8869,10302,8825,16564
강남,양재(서초구청),신분당선,39809,111081,54968,275328
양재(서초구청),양재시민의숲,신분당선,,,,
양재시민의숲,청계산입구,신분당선,,,,
청계산입구,판교,신분당선,5873,11865,4843,27824
판교,정자,신분당선,32981,24986,41783,69600
정자,미금,신분당선,30911,20988,41176,52604
미금,동천,신분당선,,,,
동천,수지구청,신분당선,,,,
수지구청,성복,신분당선,,,,
성복,상현,신분당선,,,,
상현,광교중앙,신분당선,,,,
광교중앙,광교,신분당선,,,,
계양,귤현,인천1,,,,
귤현,박촌,인천1,,,,
박촌,임학,인천1,,,,
임학,계산,인천1,,,,
계산,경인교대입구,인천1,,,,
경인교대입구,작전,인천1,,,,
작전,갈산,인천1,,,,
갈산,부평구청,인천1,72582,12423,59369,14166
부평구청,부평시장,인천1,,,,
부평시장,부평,인천1,107031,25123,103536,39974
부평,동수,인천1,,,,
동수,부평삼거리,인천1,,,,
부평삼거리,간석오거리,인천1,,,,
간석오거리,인천시청,인천1,,,,
인천시청,예술회관,인천1,,,,
예술회관,인천터미널,인천1,,,,
인천터미널,문학경기장,인천1,,,,
문학경기장,선학,인천1,,,,
선학,신연수,인천1,,,,
신연수,원인재,인천1,16096,5160,18602,8206
원인재,동춘,인천1,,,,
동춘,동막,인천1,,,,
동막,캠퍼스타운,인천1,,,,
캠퍼스타운,테크노파크,인천1,,,,
테크노파크,지식정보단지,인천1,,,,
지식정보단지,인천대입구,인천1,,,,
인천대입구,센트럴파크,인천1,,,,
센트럴파크,국제업무지구,인천1,,,,
국제업무지구,송도달빛축제공원,인천1,,,,
검단오류,왕길,인천2,,,,
왕길,검단사거리,인천2,,,,
검단사거리,마전,인천2,,,,
마전,완정,인천2,,,,
완정,독정,인천2,,,,
독정,검암,인천2,46253,8851,33479,16804
검암,검바위,인천2,,,,
검바위,아시아드경기장,인천2,,,,
아시아드경기장,서구청,인천2,,,,
서구청,가정,인천2,,,,
가정,가정중앙시장,인천2,,,,
가정중앙시장,석남,인천2,,,,
석남,서부여성회관,인천2,,,,
서부여성회관,인천가좌,인천2,,,,
인천가좌,가재울,인천2,,,,
가재울,주안국가산단,인천2,,,,
주안국가산단,주안,인천2,77500,25083,71931,43691
주안,시민공원,인천2,,,,
시민공원,석바위시장,인천2,,,,
석바위시장,인천시청,인천2,,,,
인천시청,석천사거리,인천2,,,,
석천사거리,모래내시장,인천2,,,,
모래내시장,만수,인천2,,,,
만수,남동구청,인천2,,,,
남동구청,인천대공원,인천2,,,,
인천대공원,운연,인천2,,,,
발곡,회룡,의정부경전철,66617,9093,56965,13966
회룡,범골,의정부경전철,,,,
범골,경전철의정부,의정부경전철,,,,
경전철의정부,의정부시청,의정부경전철,,,,
의정부시청,흥선,의정부경전철,,,,
흥선,의정부중앙,의정부경전철,,,,
의정부중앙,동오,의정부경전철,,,,
동오,새말,의정부경전철,,,,
새말,경기도청북부청사,의정부경전철,,,,
경기도청북부청사,효자,의정부경전철,,,,
효자,곤제,의정부경전철,,,,
곤제,어룡,의정부경전철,,,,
어룡,송산,의정부경전철,,,,
송산,탑석,의정부경전철,,,,
기흥,강남대,에버라인,,,,
강남대,지석,에버라인,,,,
지석,어정,에버라인,,,,
어정,동백,에버라인,,,,
동백,초당,에버라인,,,,
초당,삼가,에버라인,,,,
삼가,시청·용인대,에버라인,,,,
시청·용인대,명지대,에버라인,,,,
명지대,김량장,에버라인,,,,
김량장,운동장·송담대,에버라인,,,,
운동장·송담대,고진,에버라인,,,,
고진,보평,에버라인,,,,
보평,둔전,에버라인,,,,
둔전,전대·에버랜드,에버라인,,,,
북한산우이,솔밭공원,우이신설,10787,1588,10520,3540
솔밭공원,4·19민주묘지,우이신설,,,,
4·19민주묘지,가오리,우이신설,18418,2738,20429,5415
가오리,화계,우이신설,13313,2441,15278,5179
화계,삼양,우이신설,7110,1432,8690,3799
삼양,삼양사거리,우이신설,7391,2096,9849,4880
삼양사거리,솔샘,우이신설,31700,2783,31623,4610
솔샘,북한산보국문,우이신설,22438,7076,26404,10435
북한산보국문,정릉,우이신설,15014,3586,16775,7119
정릉,성신여대입구(돈암),우이신설,60612,25353,77228,61793
성신여대입구(돈암),보문,우이신설,24705,12400,40553,27137
보문,신설동,우이신설,27544,40572,41819,110705
소사,소새울,서해선,,,,
소새울,시흥대야,서해선,,,,
시흥대야,신천,서해선,,,,
신천,신현,서해선,,,,
신현,시흥시청,서해선,,,,
시흥시청,시흥능곡,서해선,,,,
시흥능곡,달미,서해선,,,,
달미,선부,서해선,,,,
선부,초지,서해선,18918,10461,15980,15824
초지,원곡,서해선,,,,
원곡,원시,서해선,,,,
