호선명,지하철역,07시-08시 승차인원,07시-08시 하차인원,08시-09시 승차인원,08시-09시 하차인원,17시-18시 승차인원,17시-18시 하차인원,18시-19시 승차인원,18시-19시 하차인원,19시-20시 승차인원,19시-20시 하차인원,20시-21시 승차인원,20시-21시 하차인원
1호선,동대문,11463,8489,15440,18762,20498,14570,18547,15075,12425,15599,10478,10407
1호선,동묘앞,4659,6246,6976,15825,23269,9497,15744,7638,7354,5187,4975,3845
1호선,서울역,27028,67086,45459,145048,96195,48174,142300,50891,69428,34143,48293,22331
1호선,시청,5216,47974,6572,135343,56776,11111,109101,9537,41734,4627,33215,3270
1호선,신설동,13904,19173,19927,52594,33415,18030,49276,21815,18532,14724,12579,9840
1호선,제기동,16342,16142,25047,34805,33521,19121,29731,20797,13067,15010,9175,9264
1호선,종각,4553,76367,7163,167135,95022,20977,152511,20063,65886,9587,56674,4751
1호선,종로3가,3521,19687,5495,57307,57973,19046,79303,16159,43130,7466,30910,3656
1호선,종로5가,3451,32400,6129,89055,64669,16209,81895,12019,38244,7005,23342,3478
1호선,청량리(서울시립대입구),29809,12560,37811,29256,38438,32081,31184,38933,17081,26350,13951,15509
2호선,강남,30063,115075,46382,262280,186459,76916,270408,93861,167081,53426,133752,29052
2호선,강변(동서울터미널),62726,17613,84940,35760,37195,60090,44047,89348,32460,62710,25337,38052
2호선,건대입구,42334,23871,74746,55501,50609,65860,63387,95699,44061,62355,49806,36546
2호선,교대(법원.검찰청),18463,42018,26859,132602,82529,37953,121928,43090,54268,27302,42904,15851
2호선,구로디지털단지,114319,68452,159218,211768,102932,93585,179180,138469,89635,107211,55116,66419
2호선,구의(광진구청),53670,12458,94034,33494,28358,46305,33816,78015,16883,55491,14561,35985
2호선,낙성대(강감찬),62601,13701,102403,30113,34451,50467,36158,83019,20940,70460,17235,44700
2호선,당산,36000,23103,43872,68798,30542,33750,51347,55683,21947,37170,17155,23808
2호선,대림(구로구청),54587,19429,81627,49930,35567,54916,45407,62057,22304,42900,15810,31562
2호선,도림천,2474,2896,2792,5786,2792,1835,3254,2493,1810,2198,742,1203
2호선,동대문역사문화공원(DDP),5466,16067,8178,39965,30376,13477,32557,14996,19763,18177,16646,10700
2호선,뚝섬,14898,29548,22456,114784,43943,20969,93212,27930,44212,17328,25496,11080
2호선,문래,33451,29783,37386,105088,47186,23939,86528,39894,29086,28429,21740,15076
2호선,방배,17101,24046,24623,60198,34191,22287,52814,28989,22330,20807,16414,13145
2호선,봉천,66142,9731,102668,22313,23868,47220,26175,75339,14714,60911,13049,38109
2호선,사당,58440,33492,80523,53731,52878,76859,70314,107893,45302,75342,41395,46284
2호선,삼성(무역센터),12133,101529,15781,249286,140783,35554,214260,37599,115044,20899,95320,11662
2호선,상왕십리,30454,9691,48247,29009,18709,25198,22885,41516,13319,27786,9223,17119
2호선,서울대입구(관악구청),100285,22688,153206,51085,58940,84965,66728,141632,39896,114652,36211,67905
2호선,서초,10602,37985,17435,101608,56316,16447,84443,16375,34238,10968,24334,7362
2호선,선릉,16038,98798,23664,233665,151566,34422,230150,35862,112871,22217,75854,13940
2호선,성수,19759,63646,26545,233275,81921,28735,180351,36095,76397,22308,44220,12658
2호선,시청,4178,53603,5842,167391,65411,10807,136164,9227,46905,4357,30522,2600
2호선,신답,4739,838,8447,1703,1515,3626,1632,8169,715,5700,440,2536
2호선,신당,20521,14108,34943,30177,25226,25617,27870,34727,17053,23481,13243,14637
2호선,신대방,74000,15149,110382,28393,28106,54578,31827,84596,17680,67452,13492,45695
2호선,신도림,104190,34330,112960,99346,75588,81700,103856,128090,59473,94308,51953,54976
2호선,신림,172413,26636,265990,52075,66441,126331,67255,217287,43352,178174,41689,111307
2호선,신설동,2460,4812,4811,11488,8563,3947,9384,4405,3872,3006,2375,1847
2호선,신정네거리,37417,4660,34957,10516,10776,21523,8797,38432,5070,29031,4273,14898
2호선,신촌(지하),25474,30249,36405,63367,65157,46698,67959,64803,46760,42935,52113,23057
2호선,아현,21919,7985,30314,14282,14546,18063,13854,28091,8420,20124,6153,12835
2호선,양천구청,25318,4158,23162,8157,6381,14848,6834,24627,2800,20571,2163,10957
2호선,역삼,11295,100191,19518,265039,155292,33477,221461,34611,111755,22545,69383,14869
2호선,영등포구청,32423,30385,38659,108135,47479,27518,90014,42689,32967,28822,24480,16467
2호선,왕십리(성동구청),19879,8876,36364,22800,26215,23335,29135,35402,16542,21385,18451,12674
2호선,용답,5675,1532,10364,2818,3413,5060,2768,8922,1673,5654,1058,3226
2호선,용두(동대문구청),3816,1966,6803,5823,3845,3735,5072,6568,1979,4656,1386,2327
2호선,을지로3가,4388,53435,7149,124817,60840,12003,104612,11373,42381,5783,28561,3373
2호선,을지로4가,2446,26911,4310,68509,44933,8160,59061,6393,28016,3961,14902,2122
2호선,을지로입구,6647,94627,10261,238034,121003,26482,198358,26900,86628,13355,84486,7398
2호선,이대,15243,9458,19933,26756,27600,16602,24067,23561,14423,16762,12765,10452
2호선,잠실(송파구청),88413,58784,125046,130095,113894,106386,144244,156560,92469,105710,96826,64156
2호선,잠실나루,28289,18272,36359,31493,24818,18114,23661,31075,10911,23098,8149,12744
2호선,잠실새내,39930,14281,55059,23214,26756,39058,29109,58741,21031,39820,20228,21220
2호선,종합운동장,12744,8158,17104,15542,10695,11855,11275,18568,5948,13026,3757,7694
2호선,충정로(경기대입구),12349,14970,17677,49448,20405,12334,39180,17164,13081,12756,8651,7996
2호선,한양대,4208,9722,7069,28294,20722,5813,23360,6923,9967,4262,7631,3388
2호선,합정,34306,27531,45286,76835,51199,47245,83719,66885,51724,45262,42671,24802
2호선,홍대입구,46240,26719,60611,78141,85749,79880,104815,106091,77834,70017,80522,36610
3호선,가락시장,14671,9464,17615,23655,16136,13843,23113,18775,9966,12316,7883,8365
3호선,경복궁(정부서울청사),9892,31276,15542,85341,43302,17070,72031,19465,28436,13898,23310,7415
3호선,경찰병원,16741,7746,20674,26666,12593,10522,18051,16711,5784,13647,4637,8509
3호선,고속터미널,18016,34443,29803,56277,91334,67854,98222,78766,77453,46978,92644,23924
3호선,교대(법원.검찰청),5648,13257,8670,43421,34319,8327,54928,9885,22418,5312,17493,2907
3호선,구파발,66307,19137,67417,22673,26927,32834,23263,58062,13476,47440,11794,25867
3호선,금호,20440,4130,29063,7646,8519,17672,8834,26080,5470,18355,4453,11912
3호선,남부터미널(예술의전당),19151,45950,30305,131974,71765,33228,111030,40763,52505,26802,35491,15978
3호선,녹번,51215,6811,62512,16237,14050,27657,15125,50279,6964,41866,5190,23714
3호선,대청,20295,10308,24975,20824,17178,14245,19380,21753,8230,16624,6208,10205
3호선,대치,17948,10676,18399,20727,17872,15597,21350,20074,11912,16087,10067,9290
3호선,도곡,6267,11213,8663,17059,13122,6377,14756,8048,7334,6527,5194,3580
3호선,독립문,11993,10771,15371,18100,11041,11128,12668,14771,5459,11288,3917,6628
3호선,동대입구,4309,12911,6258,41799,28716,6708,25517,7025,13040,4603,8472,3021
3호선,매봉,11909,19005,14634,59288,30743,12462,53040,16609,21086,11039,13996,6443
3호선,무악재,11366,2460,13918,4938,4479,7377,4818,13472,2001,10486,1767,6173
3호선,불광,41227,7674,52100,26515,22590,32491,23626,48794,13152,39632,11369,22286
3호선,수서,25015,22602,33965,40190,29334,24795,36920,37615,16919,27740,15785,16865
3호선,신사,7891,36359,14044,95415,70262,33981,109055,39082,78902,20102,54873,9077
3호선,안국,4484,64986,6780,80446,67827,11751,78206,10696,29822,5989,22496,3604
3호선,압구정,11565,37910,18192,117583,74507,34809,109733,36624,83315,20094,68108,10078
3호선,약수,19076,10628,31927,28957,20032,22649,26442,33014,14050,21332,11647,13604
3호선,양재(서초구청),25650,87183,35878,203404,100982,40151,168381,51809,76588,36204,50490,22485
3호선,연신내,111652,15626,139218,27633,40592,70785,37005,115404,24877,101753,22158,54759
3호선,오금,19395,4426,23842,11645,7357,10365,9660,17282,4011,12882,2896,7942
3호선,옥수,17014,6316,24555,13217,12982,18619,13414,27722,7861,19973,6582,12380
3호선,을지로3가,1458,27418,2481,64360,30838,6304,53923,6010,23385,2997,14523,1593
3호선,일원,16516,23302,17155,20117,26512,10054,12771,15306,6790,11958,4538,7555
3호선,잠원,7955,6641,11588,8492,7890,7680,7540,11532,4458,7746,3094,4263
3호선,종로3가,1297,12794,1743,38466,26532,8685,46600,6722,26382,3102,13319,1600
3호선,지축,12290,2256,12620,2693,3800,5572,2586,11974,1359,8810,817,5259
3호선,충무로,0,0,1,0,1,0,2,0,4,0,1,0
3호선,학여울,2652,2505,3228,5721,3347,2279,4763,3250,2230,2651,1314,1472
3호선,홍제,48105,9170,59013,20490,21674,32171,20025,53718,10388,42177,8500,22974
4호선,길음,63926,9694,73791,22376,23569,38746,21194,66665,12915,52665,11155,29901
4호선,남태령,1743,2563,2086,2815,2760,1351,2376,1404,1043,1228,771,710
4호선,노원,45091,10000,49542,22591,23410,39306,24668,62765,17285,47877,22801,26765
4호선,당고개,43019,6651,44081,10827,13336,21600,11899,33638,8061,31118,5425,20199
4호선,동대문,4623,33478,6106,70633,77552,11080,58923,7682,24438,11339,20585,7836
4호선,동대문역사문화공원(DDP),5238,21988,6694,60168,41375,11464,59302,12235,32082,20748,25548,8887
4호선,동작(현충원),3150,3322,4802,5371,5126,4059,4653,5209,2157,3608,1844,2162
4호선,명동,2644,32374,4167,86046,47194,16473,83603,14459,37477,7997,31778,4065
4호선,미아(서울사이버대학),40405,8767,48757,25963,18756,27490,21383,43560,11948,33907,8359,20964
4호선,미아사거리,78678,13885,90916,28774,32772,55179,34621,93060,24914,69601,27086,38861
4호선,사당,52980,16327,70004,27402,29124,39315,33573,57538,22942,40298,21917,23364
4호선,삼각지,4014,9018,5601,22025,11514,6319,19173,8355,6906,5033,5474,2939
4호선,상계,73800,8833,68700,16528,17633,34180,16860,58474,10487,52843,8802,31374
4호선,서울역,9738,23057,11745,63829,26091,18567,49536,18947,15968,13423,10254,8809
4호선,성신여대입구(돈암),35743,12630,45655,28682,29900,34979,33821,50923,21928,38122,20652,22101
4호선,수유(강북구청),93762,16479,113092,49207,43123,65819,48880,107704,27767,89580,23163,54008
4호선,숙대입구(갈월),13450,17222,21035,39787,26382,17726,38128,23376,17676,16249,13354,9781
4호선,신용산,7931,23803,12980,64275,38519,16628,60644,20292,30193,12591,22532,7157
4호선,쌍문,103819,12149,117136,25124,27509,55315,26458,94020,16590,86663,12392,52284
4호선,이촌(국립중앙박물관),9293,12148,13251,22129,14414,10611,16965,15534,6927,10684,5560,6376
4호선,창동,76956,14366,70649,33338,32179,52073,32782,82373,18746,68312,16646,38847
4호선,총신대입구(이수),36030,14787,48610,35609,29185,39652,35161,57516,19796,37175,19106,19821
4호선,충무로,6017,46899,10554,161596,70968,19023,127658,19933,62600,11672,43512,6357
4호선,한성대입구(삼선교),24628,13805,31164,23608,23350,23185,23812,32080,12089,24863,10352,15013
4호선,혜화,13884,40995,17321,99189,70868,30580,91681,35600,42344,25018,38302,12033
4호선,회현(남대문시장),3982,40128,6046,107218,71795,12785,97374,10408,38393,5945,39157,3573
5호선,강동,47034,23800,60623,44268,33906,29455,39335,45704,18093,38806,13302,22578
5호선,개롱,19235,6018,17097,13108,8328,11431,9917,17477,4415,15811,3628,7803
5호선,개화산,16206,4307,15291,10127,7332,7936,8575,12482,3923,12328,2596,7030
5호선,거여,25063,6803,24902,14266,12700,13131,11547,19589,4829,19286,3840,9005
5호선,고덕,24471,9254,22330,14423,13531,13456,11196,20957,5340,22453,5120,9081
5호선,공덕,15554,25730,23102,67945,30131,17363,55713,29561,21963,16668,16557,8465
5호선,광나루(장신대),30643,12108,37139,25000,18690,19537,23466,31976,10798,22031,7345,14188
5호선,광화문(세종문화회관),7169,62903,11336,206779,76129,19502,163831,22037,63104,10752,44184,5250
5호선,군자(능동),27126,6040,40992,19305,14981,23540,18727,40477,11294,28031,9486,15528
5호선,굽은다리(강동구민회관앞),29825,4732,33802,11522,10626,16710,11364,29935,6018,23084,5712,12850
5호선,길동,17652,5221,23798,15879,11689,14686,14086,22715,6786,17795,5310,10474
5호선,김포공항,3963,11030,5281,14111,14799,11564,20726,11602,12676,8272,11874,3591
5호선,까치산,100187,8492,132538,18068,24041,59282,23184,106546,13962,85805,12475,51719
5호선,답십리,44873,12138,64952,31703,21475,27751,27261,50251,13865,34646,9772,19034
5호선,동대문역사문화공원(DDP),696,7576,1218,26215,9090,1829,18324,1809,7470,1048,3747,697
5호선,둔촌동,19048,8653,23491,18285,14312,15853,16735,23458,7844,16308,6431,8846
5호선,마곡,16674,9071,17352,34606,19511,10141,28011,16249,11685,12900,8225,6836
5호선,마장,12328,5770,17529,13669,8411,8728,10204,13337,5465,9877,3985,5738
5호선,마천,20412,3672,20786,9263,7049,11209,6616,16855,3033,15731,2525,8002
5호선,마포,18327,20884,26606,62962,28884,18315,51445,29068,19403,18339,15653,9934
5호선,명일,29414,4972,27689,8908,8571,15888,8595,30444,4795,24340,3878,11159
5호선,목동,48261,9717,59424,24475,20781,36120,22580,67737,12492,47640,11325,25433
5호선,미사,52375,6765,46996,13351,15625,21246,15080,47438,8196,43763,7701,26825
5호선,발산,19817,25076,22364,79862,42414,21230,60849,29156,27328,21270,22395,10730
5호선,방이,14915,6686,14178,20567,10383,11047,15822,15983,7711,12257,6850,7125
5호선,방화,22346,3335,20659,10407,7565,10685,7945,17546,3456,17151,2828,9697
5호선,상일동,70923,10354,55358,17530,15883,26586,15300,46329,7471,48560,5600,24676
5호선,서대문,13138,51623,18540,125804,47673,14491,89760,18068,27105,11145,20011,6944
5호선,송정,16793,6181,18102,10546,10538,10990,11105,15961,5550,13750,4137,8141
5호선,신금호,15822,5532,22666,10047,7207,12688,7626,21057,4904,14384,3842,8591
5호선,신길,9828,3770,15072,12777,6000,7761,10782,14110,3967,8955,2699,6092
5호선,신정(은행정),54393,5048,70937,11592,11330,23567,11979,41738,6001,32401,4637,19272
5호선,아차산(어린이대공원후문),35454,8148,51406,17375,18592,28277,18500,45148,10936,33331,8405,19687
5호선,애오개,13131,6975,18977,23726,11032,9767,19152,17116,5998,11013,4453,6304
5호선,양평,17370,7790,21142,35877,13981,10227,28676,18330,8861,13436,5429,6784
5호선,여의나루,3695,26980,5934,40845,27157,5521,30673,6647,11636,4542,8229,2806
5호선,여의도,7172,110458,11179,174999,101786,15402,134231,17753,50210,9146,35191,5888
5호선,영등포구청,5502,4697,8347,20043,7931,4827,16301,8173,6080,4702,3533,2695
5호선,영등포시장,14720,11401,22410,32107,18796,13094,28921,21516,11720,13265,8878,8322
5호선,오금,6840,6066,7296,16964,7786,4728,12589,6318,4178,4982,2826,2949
5호선,오목교(목동운동장앞),37575,20778,45226,63171,37329,37875,57362,59401,30577,38590,35965,17610
5호선,올림픽공원(한국체대),9221,4636,9147,7360,7170,4776,7349,7252,3643,6422,2221,3663
5호선,왕십리(성동구청),4414,4158,7383,15524,8687,7887,12514,10959,6851,6376,6431,3293
5호선,우장산,42895,10114,46097,16090,15645,24352,13682,44480,7503,34848,6416,18982
5호선,을지로4가,948,14312,1478,38442,19825,2937,31490,2461,14762,1445,7920,762
5호선,장한평,41001,18322,58804,59836,30110,28805,46755,52414,21734,36610,12455,20089
5호선,종로3가,2035,11272,2781,32399,26934,10300,41095,10208,19925,4794,17930,2226
5호선,천호(풍납토성),21557,15815,27699,30391,35239,33634,40850,44046,28444,30438,30916,16277
5호선,청구,5453,3054,8164,13609,7043,5754,11629,8608,6905,6085,4001,3678
5호선,충정로(경기대입구),5102,7601,7545,27693,10910,4753,24153,7093,7478,5056,4720,3561
5호선,하남풍산,18572,4409,13412,10032,7557,7290,9800,13319,4377,13247,3603,6589
5호선,행당,24501,4284,36058,7885,7649,15439,7659,27465,4617,18515,3995,10387
5호선,화곡,94154,12500,123809,24262,28070,55937,27490,99813,16417,78960,12505,45971
6호선,고려대(종암),16071,8330,20711,19671,15748,10835,14915,18926,6875,15535,5985,9020
6호선,공덕,15565,28554,21999,79778,41358,19387,70137,28551,28789,18073,22192,9979
6호선,광흥창(서강),13599,11762,17654,30311,16128,11453,25969,17109,11003,12952,7360,7483
6호선,구산,22765,4551,28774,6157,7183,10519,6460,17150,3754,15807,3001,8244
6호선,녹사평(용산구청),3668,6244,6092,14304,9640,6264,13052,8200,7176,5652,5830,3337
6호선,대흥(서강대앞),10312,8720,16068,25711,15114,10959,19534,16466,9108,10868,7166,6835
6호선,독바위,11291,1127,11586,2468,2192,5557,1797,10712,1101,9646,905,5329
6호선,돌곶이,25777,4794,31606,12112,9693,15819,10247,24997,6732,20891,4084,11875
6호선,동묘앞,7162,6630,10047,22784,19871,10402,19600,12801,9484,9702,6500,6174
6호선,디지털미디어시티,33203,22635,38255,59940,26215,20427,41772,35574,17166,26656,9221,15438
6호선,마포구청,29919,12955,42859,30825,19242,21205,30704,34764,13854,26216,9675,16042
6호선,망원,20321,6982,31428,27276,22280,26817,28231,36354,17750,26356,14669,13514
6호선,버티고개,3672,2204,6133,4804,3859,3551,4867,5317,2800,4080,1605,2457
6호선,보문,15443,6294,24202,16788,11145,11137,13733,18021,6621,14531,4699,8766
6호선,봉화산(서울의료원),39492,4931,35199,10741,8780,15789,7922,27122,3731,25807,3382,14395
6호선,불광,7944,2887,10406,6112,8039,8500,7663,12810,4618,9232,4432,4793
6호선,삼각지,5317,10862,7326,18760,14024,5811,17313,7621,7973,5403,5773,3781
6호선,상수,6011,5256,10434,19614,14865,13157,20262,16366,13021,10762,12804,5692
6호선,상월곡(한국과학기술연구원),19162,2575,24462,9744,6315,11012,7360,16929,4475,14384,2363,8736
6호선,새절(신사),44980,5692,53554,11961,12708,24688,11448,42467,7012,35710,4991,20126
6호선,석계,40602,5859,47158,11072,11755,26626,11055,43829,8288,37580,7164,19886
6호선,신내,0,0,0,0,0,0,0,0,0,0,0,0
6호선,신당,5830,10997,8425,31717,15384,7448,21804,9500,12042,14208,10123,7157
6호선,안암(고대병원앞),6386,13678,8760,27506,27057,9401,22696,11914,11964,9739,10706,5894
6호선,약수,3714,5141,5639,14894,7377,5016,10109,6022,4735,3707,3826,2155
6호선,역촌,12994,2343,14424,7649,4077,8262,4199,14519,2185,12096,1765,6344
6호선,연신내,0,0,1,0,0,0,1,0,0,0,1,0
6호선,월곡(동덕여대),30726,5701,37741,18989,14506,20710,18039,33852,9741,27195,7431,14248
6호선,월드컵경기장(성산),6167,3389,8637,7254,9152,6634,8131,9540,4498,7182,4802,4069
6호선,응암,58908,7115,74328,15461,16394,36237,15795,65508,10238,52911,8745,31179
6호선,이태원,6803,10099,11323,19470,18954,13893,22212,17166,14316,12091,12430,7509
6호선,증산(명지대앞),31748,4711,41934,8625,10382,20392,9680,37163,5817,29234,4426,16064
6호선,창신,10979,2872,14095,5206,3768,4840,3672,8402,1998,6645,1841,3947
6호선,청구,5606,5214,7941,20944,6672,5227,11151,5995,6972,4499,3995,2801
6호선,태릉입구,15072,2952,18125,6577,6184,10857,6172,18371,4192,15753,3436,7883
6호선,한강진,2552,16468,3827,28473,18925,8401,25370,8872,16809,4995,12546,2392
6호선,합정,10014,13609,16084,35970,21951,18959,37151,25283,21853,16227,20298,8340
6호선,화랑대(서울여대입구),48994,5372,45782,10040,10157,17023,8453,30989,4652,28350,3310,14795
6호선,효창공원앞,12186,5662,19700,18130,12102,10141,17423,15932,8234,10942,5188,6349
7호선,가산디지털단지,17892,98268,20676,344978,159418,24438,273981,27109,120108,19230,68781,10749
7호선,강남구청,5221,26723,7090,87384,39044,12053,70867,13043,43502,8653,28717,6136
7호선,건대입구,10106,15757,15991,29286,29356,19405,29697,27819,20022,19177,23795,9534
7호선,고속터미널,7432,32236,12155,43898,43160,12230,40917,13200,22243,8603,24131,5305
7호선,공릉(서울과학기술대),29866,7917,37035,18935,15901,20336,16607,32951,9123,29352,7714,15731
7호선,광명사거리,68390,14312,83583,24273,30222,48438,27233,75358,16652,57765,14400,31668
7호선,군자(능동),27678,6820,49698,22871,19923,21512,26405,35653,16100,27712,12883,16132
7호선,굴포천,30310,4023,31793,10253,8824,17285,10239,30684,5626,30170,5090,16617
7호선,까치울,25776,4893,34217,8012,7946,15250,7535,26201,4371,21945,3616,13251
7호선,남구로,26943,26829,29918,90317,35137,31939,66170,29573,31378,19109,16798,13306
7호선,남성,31133,4983,47999,13227,12409,21128,12070,36020,6536,27659,6328,15968
7호선,내방,13697,20727,22436,69952,33371,16289,60285,23163,22049,15923,15739,9435
7호선,노원,30904,10455,30703,36011,32214,32345,36311,44109,21642,34668,24828,16454
7호선,논현,7035,38637,12798,105339,49512,18645,89240,21393,50969,12684,33108,7840
7호선,대림(구로구청),13501,5666,17652,15586,13542,18091,15226,18548,8983,11158,6716,8416
7호선,도봉산,44461,5915,34992,9629,8374,17362,7367,31107,3683,35750,2524,19611
7호선,뚝섬유원지,15827,5258,24211,10527,9676,13781,10055,21080,5921,15748,4850,9526
7호선,마들,50640,6140,47970,9566,10037,22459,8643,38949,5093,38475,4293,19998
7호선,먹골,30956,4263,38789,12799,11276,20704,12536,32762,7718,28727,5565,16275
7호선,면목,49329,7330,64921,20052,15971,30636,15983,50962,12192,44608,7643,25792
7호선,반포,6010,10514,8535,17618,13016,6748,14756,8333,8979,5493,8112,3250
7호선,보라매,18766,13169,28182,33526,16301,14511,27060,24538,9435,18556,7185,10895
7호선,부천시청,35389,11076,35507,21481,18473,19593,20820,35121,12925,30849,14938,15811
7호선,부천종합운동장,13900,4795,16985,10290,6673,6300,8266,11839,3638,9894,2389,5678
7호선,부평구청,53154,8364,45501,11476,12749,15777,12169,32409,6752,33453,4957,18732
7호선,사가정,47177,10250,61507,23429,19623,33557,19798,54689,13391,45661,10435,25142
7호선,삼산체육관,20092,2113,18578,3638,3926,8399,3682,15270,2107,13017,1405,8036
7호선,상도,24028,7235,35413,15854,14867,18790,14092,30716,7489,22991,7745,14030
7호선,상동,30857,8885,30087,23607,17923,20824,23381,32802,13557,29108,13335,15352
7호선,상봉(시외버스터미널),42698,11446,60867,28946,24736,29553,26504,50381,17262,41907,14320,22615
7호선,수락산,42838,7097,41452,14501,15077,22200,14704,36339,8500,38470,6148,21526
7호선,숭실대입구(살피재),29262,6574,41444,16438,16711,23445,14603,38405,9032,29186,7957,16846
7호선,신대방삼거리,42296,10337,67675,25471,19779,30309,23669,54417,12467,42029,10643,24075
7호선,신중동,37416,12924,37706,40743,22684,20457,36762,35010,14966,31904,16669,15472
7호선,신풍,33482,9526,44306,18824,14742,22923,16013,36665,8511,27270,6126,15492
7호선,어린이대공원(세종대),13804,13047,25670,37072,25633,16060,29234,21663,15968,17723,11745,11470
7호선,온수(성공회대입구),42389,6779,52439,11756,10047,18853,9850,38988,4763,30774,3783,16320
7호선,용마산(용마폭포공원),19550,2987,25719,8463,5798,10829,6109,19324,3848,16584,2211,9738
7호선,이수,20813,12841,34996,36760,25659,24942,35301,39190,19778,25547,19204,14790
7호선,장승배기,24315,6615,37370,15239,11468,19222,13176,29871,6912,23014,6013,12973
7호선,장암,13545,1010,9209,1415,2485,1183,1913,2433,1046,2744,734,1226
7호선,중계,52540,10516,54590,17986,14572,22686,12448,39290,6660,39333,5051,21622
7호선,중곡,26061,7361,40265,16592,12215,18333,11251,29423,7662,23995,5147,14003
7호선,중화,31008,6923,41433,20397,14107,20336,15344,34210,8969,29403,6001,17199
7호선,천왕,38450,6024,50504,10917,9975,19874,9393,39585,5140,32416,3971,16769
7호선,철산,67112,13023,75275,28744,27770,43835,27473,75028,16938,59711,17000,29121
7호선,청담,7840,48959,10611,123598,54749,13347,93051,14347,47871,9396,29578,6533
7호선,춘의,20330,26841,21986,50760,24937,10504,39109,18286,14010,15569,9432,10067
7호선,태릉입구,17130,6621,21660,15086,13665,12702,13626,18273,8279,16584,6003,9630
7호선,하계,56791,12044,60841,20356,20570,28740,17462,49899,10362,48555,9317,25168
7호선,학동,6509,45936,9195,160704,63898,13235,136436,13431,66900,8971,35033,5619
8호선,가락시장,8155,12113,10938,32423,16310,11555,24610,15654,10538,10540,9371,7456
8호선,강동구청,24438,11419,34725,32505,14363,18788,23946,29688,8682,23146,6441,13166
8호선,남한산성입구(성남법원.검찰청),40204,10343,55574,21353,16035,21969,18142,39233,8709,32762,5960,18446
8호선,단대오거리,29530,9690,35062,16303,13501,18127,17185,29939,8349,23928,5694,14889
8호선,모란,7128,3158,9235,5601,7289,5369,7882,6761,4319,4249,3292,2529
8호선,몽촌토성(평화의문),7591,7540,11783,20299,11428,7089,16471,11027,6957,7999,5364,5061
8호선,문정,16847,39765,25152,144185,61508,18291,105126,24831,40229,19291,25570,10818
8호선,복정,23512,10090,31229,16824,17912,15911,21154,26886,11703,19139,7507,11723
8호선,산성,22978,3433,27237,6542,7310,13939,6097,23601,3046,19530,2344,11752
8호선,석촌,12781,6653,19658,18973,12619,15585,16390,21646,8603,15413,7192,9188
8호선,송파,19965,8058,25749,14702,9871,14111,13057,23383,6253,18400,4809,9880
8호선,수진,13613,2829,19131,6822,6699,8325,6342,12695,3271,11094,2856,6731
8호선,신흥,11108,2681,14033,5750,6744,9911,6547,14197,3781,10878,3386,6864
8호선,암사,63793,7387,87952,16474,16587,35872,17244,63881,10005,48368,8696,26726
8호선,잠실(송파구청),7123,21973,10668,61407,35168,21852,52264,26548,28813,14025,27648,7475
8호선,장지,37468,20091,43625,47052,30308,26150,42517,43517,23251,28999,22698,16021
8호선,천호(풍납토성),35039,12855,49452,23130,22168,35494,24318,55069,16671,38421,16183,20996
9호선,가양,55860,17552,59049,34700,26709,32746,33620,57439,16136,48517,12013,27221
9호선,개화,9459,2687,6112,4721,4629,2383,5199,4057,2271,4818,1815,2699
9호선,고속터미널,10770,13262,14514,19984,22260,24665,23554,30176,19453,18932,17336,11161
9호선,공항시장,7119,1539,8145,3371,3535,5760,3191,9029,1953,7793,1837,5317
9호선,구반포,3170,2885,4533,5983,4986,4165,7112,5898,3474,4120,2693,2238
9호선,국회의사당,3107,33448,4888,112524,56243,7395,86032,7127,30215,4554,20317,2886
9호선,김포공항,6608,12728,8464,16349,13689,19021,16912,21562,11531,15212,12534,6926
9호선,노들,12270,1852,16588,3020,4497,8009,3987,14015,2418,10300,2060,5898
9호선,노량진,46457,23475,72106,44412,33351,45835,39733,63648,21415,44019,25381,28715
9호선,당산,38358,12286,44807,34939,25721,32463,37616,49802,18594,37260,15398,23567
9호선,동작(현충원),3898,1412,5001,2395,2366,2197,3093,3600,1487,2677,1226,1471
9호선,등촌,32057,5610,39433,15675,12409,21823,15384,34055,7228,28804,5676,15357
9호선,마곡나루(서울식물원),20877,9080,22026,31306,19792,15508,29046,24441,13391,20977,11161,11914
9호선,사평,6008,3871,7290,5657,5458,5145,5256,7770,2975,6104,1850,3124
9호선,샛강,3126,12025,4562,28446,14471,5561,24208,7453,8849,4328,6438,2697
9호선,선유도,14478,8976,17632,30279,14678,8934,27020,16023,10599,12256,5918,6128
9호선,신논현,23083,35477,33033,76070,63847,38410,88868,52472,64602,31432,49822,17347
9호선,신목동,13748,2104,13776,4455,4143,6426,4141,11698,2019,9607,1404,4934
9호선,신반포,3933,5181,5375,7565,7721,3850,6765,5575,3443,3899,2359,2174
9호선,신방화,22206,3428,21112,8649,7388,11788,7831,20862,4034,17949,3616,9746
9호선,양천향교,23190,8513,23584,30403,15803,13740,24346,23542,9481,21052,6212,12509
9호선,여의도,6304,95608,8507,116444,90898,13221,102196,14583,44522,9759,31056,6436
9호선,염창,57727,6569,66465,20417,15955,35811,19461,59846,10112,51422,8113,30299
9호선,증미,15910,6461,16841,29026,11999,9715,24370,18096,8179,15282,5831,7052
9호선,흑석(중앙대입구),12097,9033,17168,13545,15692,13546,11527,19971,6695,13165,7578,8848
9호선2~3단계,둔촌오륜,2660,2403,2907,1950,2466,1486,1688,2088,615,1793,432,928
9호선2~3단계,봉은사,6858,26246,7743,70976,43016,13754,64309,14204,34576,9270,25058,4981
9호선2~3단계,삼성중앙,3920,11678,5186,32120,18229,6137,29804,8175,13294,5474,8731,3313
9호선2~3단계,삼전,14434,3392,23722,8797,8288,12858,9542,19879,5201,17342,4374,10175
9호선2~3단계,석촌,16932,3852,23217,7963,9914,12588,11155,20489,7114,17309,6111,9132
9호선2~3단계,석촌고분,11357,3294,19652,9989,7676,9943,9828,18086,4910,13826,3909,9126
9호선2~3단계,선정릉,6147,12873,7730,44250,21785,8721,38548,10303,21886,7681,12082,5115
9호선2~3단계,송파나루,9276,2366,12689,8425,5986,8636,9175,12971,4567,11287,4215,5007
9호선2~3단계,언주,4793,14767,6840,47207,28064,8919,41471,9653,20307,7565,12228,4842
9호선2~3단계,올림픽공원(한국체대),10701,3894,13005,9767,9996,8071,10299,13585,4486,10944,3072,7595
9호선2~3단계,종합운동장,6605,4082,7891,8265,7474,6789,10152,10788,5668,7323,4416,4339
9호선2~3단계,중앙보훈병원,26736,8482,28217,15884,14466,11261,9951,19818,3642,19027,2629,9331
9호선2~3단계,한성백제,4680,1365,6498,4906,3952,3195,4773,5173,1952,4520,1579,2476
경강선,경기광주,27148,3695,27592,6729,6596,13411,6206,24615,3126,21801,2149,11964
경강선,곤지암,5312,4365,4727,4677,5316,3198,4929,4364,1910,4586,1081,2370
경강선,부발,3196,3880,2969,4402,5012,2505,4774,2919,1958,3284,1674,2538
경강선,삼동,9186,2041,11021,2114,2266,4642,2399,7429,964,6755,630,3781
경강선,세종대왕릉,633,341,540,528,471,409,465,395,135,599,78,207
경강선,신둔도예촌,3582,1575,2700,2550,2806,1773,2264,2328,841,3030,585,1474
경강선,여주,3351,1636,3341,1956,2902,2630,2090,3089,1751,4283,1154,2910
경강선,이매,3334,1301,2365,2184,1484,1512,1732,2124,979,1810,832,735
경강선,이천,4555,3968,4247,5507,3872,3922,5780,5331,2447,4189,2105,3515
경강선,초월,9908,3148,10722,4970,4033,4274,4067,9935,1848,7151,1165,6358
경강선,판교,3821,8701,2420,20329,10285,4112,17503,3496,11511,2814,10909,1230
경부선,가산디지털단지,12351,42580,12115,133662,52379,17593,91925,21276,39425,14767,23439,9756
경부선,관악,26585,4488,25684,7711,9176,12134,7856,22884,4655,18991,3465,10365
경부선,광명,9974,3286,8100,3019,1262,4052,5420,9541,5467,5762,918,3099
경부선,구로,30444,29129,31582,71606,42809,30870,57701,37053,24597,25286,17959,15848
경부선,군포,15445,27471,14966,44241,19399,9726,31925,12322,11375,11362,9146,6789
경부선,금정,64819,36692,68479,82271,45212,43956,62978,66923,27650,55891,21539,35321
경부선,금천구청,37959,12365,36870,26040,13637,22155,20560,37989,8882,27835,6955,14275
경부선,남영,9071,16980,12941,42407,21032,11567,38143,16332,14488,10903,9899,7099
경부선,노량진,12939,7783,18672,14229,14262,18644,15548,28497,9735,16698,10799,9605
경부선,당정,20014,6933,18036,14201,8781,9706,12318,14666,4661,15652,3664,9577
경부선,대방,23359,28611,31326,43349,25979,19928,37730,31411,13963,21368,10252,13805
경부선,독산,31547,34768,31375,89655,43295,19738,63061,33642,30060,27273,17141,14260
경부선,두정,10248,5062,8679,7125,9446,8504,9576,12705,5529,9030,4602,7789
경부선,명학,20894,21877,18673,48277,22380,9403,31417,15624,10613,15045,10911,8220
경부선,병점,36573,17615,27536,19439,24286,23093,24811,33670,12875,31390,9778,20816
경부선,서동탄,8311,1365,3468,1529,1700,2180,1893,3609,739,4389,543,2156
경부선,서울역,5561,2141,10390,2907,7030,3476,8155,4601,7179,2378,4822,1299
경부선,서정리,9547,10048,8276,11556,18572,9706,15483,10381,8289,11583,6508,6986
경부선,석수,32673,10297,33278,15419,14143,15406,15194,28744,7997,23505,6458,13331
경부선,성균관대,52413,7597,43215,16440,17503,25807,17544,45675,9571,40538,8403,21791
경부선,성환,4380,8131,3943,10382,10555,4979,8472,5684,3631,3996,3092,3520
경부선,세류,11151,3590,7991,3811,4581,5120,4606,8586,2579,7567,2093,4330
경부선,세마,7387,2711,5588,6321,3997,3388,4955,6272,1852,5420,1429,3777
경부선,송탄,10038,4468,7212,6382,6438,8016,7652,9216,4277,9374,2898,6450
경부선,수원,57726,38010,49457,49582,59859,62872,66731,82348,49603,64278,56067,36110
경부선,신길,19918,12249,26247,24153,15800,14488,24782,19869,9694,13858,6278,9202
경부선,신도림,7364,6065,9453,14647,7752,6354,12935,9508,4907,6202,4123,3574
경부선,안양,65915,13295,59992,27331,31228,42295,29045,65145,18207,56266,17683,29463
경부선,영등포,29910,47259,41628,103443,81738,62331,121196,76762,68896,47002,81418,24734
경부선,오산,16964,20659,14987,17764,20322,16623,22260,21225,11680,18467,9486,13049
경부선,오산대,8539,3101,6022,6510,4820,4658,6412,7789,2553,6136,2468,3962
경부선,용산,14973,47927,19102,108350,79677,36448,109897,43728,63625,27642,59749,16716
경부선,의왕,25472,18906,24944,22440,17324,14140,18495,23560,8653,18670,6535,11575
경부선,지제,5506,7770,4053,5666,9218,2822,7217,4994,4503,3846,3033,2807
경부선,직산,1283,1908,888,2541,1878,1006,2022,1050,817,1210,630,636
경부선,진위,2103,5971,1901,6313,5155,1383,7097,1912,2579,1732,1472,915
경부선,천안,7016,4123,5307,6219,9358,9090,9514,10009,6282,7986,4430,6391
경부선,평택,19689,12272,17064,17716,22900,21540,22855,24987,15653,18766,15128,13991
경부선,화서,31691,3853,22855,7454,8202,14911,7051,24899,3868,21167,2868,10959
경원선,가능,19567,4912,18685,9973,8052,10717,7228,17106,4542,15672,3444,9628
경원선,광운대,26485,4261,26743,9849,9432,15161,7718,22307,4782,19159,4945,11310
경원선,녹양,14927,3815,12447,7667,5464,7993,6203,11075,3007,11818,2364,7327
경원선,녹천,18057,2179,14433,3879,4732,7743,3776,13306,2757,11012,1605,6373
경원선,덕계,9903,2243,8704,3620,3229,5055,2954,6705,1319,6475,950,4448
경원선,덕정,15949,9583,13101,11303,9290,9495,10752,11195,4157,11786,2930,7335
경원선,도봉,16047,2970,15823,7932,7576,10884,7637,14519,3443,13465,2462,7055
경원선,도봉산,18920,2896,18033,4634,12206,6467,8954,8244,4724,6916,3222,3923
경원선,동두천,3751,6600,4063,4861,3326,2603,4208,3697,1884,3233,1062,2568
경원선,동두천중앙,7076,3184,6808,7681,4750,4852,5574,4479,2244,5724,1638,3728
경원선,망월사,21173,2951,21400,7838,7746,13768,7471,20999,3764,19653,2907,10780
경원선,방학,25259,7026,24159,16992,12337,17135,14645,24800,7136,21689,5269,10820
경원선,보산,3750,1803,2731,2305,3113,2410,2545,2923,1448,3559,948,2652
경원선,서빙고,2320,3695,2202,6794,5261,1890,5257,2769,2123,2098,1343,1185
경원선,석계,20222,4768,24132,7138,9465,20943,8380,31880,6034,23380,5164,13997
경원선,소요산,2751,2059,2030,2104,4971,2291,3208,1450,1052,1105,1087,1012
경원선,신이문,30335,3551,33037,6919,7215,17679,6757,27883,4321,22738,2751,13642
경원선,양주,26639,8190,20130,9594,9194,11752,11068,18074,5215,17843,3181,11737
경원선,옥수,14,25,110,169,237,20,66,53,232,8,15,18
경원선,왕십리(성동구청),19388,8438,32091,17666,21720,31062,22318,48680,16357,35073,18220,19861
경원선,외대앞,14352,3861,18143,8083,11371,14644,9054,18877,6224,15578,6409,9409
경원선,월계,19346,4921,17270,7202,7127,11659,7392,17854,3740,14909,3326,7696
경원선,응봉,5015,1231,5894,2084,1993,2999,2102,4126,1028,4117,821,1923
경원선,의정부,39910,10791,35753,28893,29017,29696,32319,41942,20286,37539,21795,21659
경원선,이촌(국립중앙박물관),5625,3599,6678,7099,7871,4433,7632,6156,3650,4760,3054,3093
경원선,지행,17150,4197,15046,10392,7382,12299,9348,13598,4795,15752,5006,9400
경원선,창동,1,0,0,0,0,0,0,0,0,0,1,0
경원선,청량리(서울시립대입구),22071,8793,24929,13928,23158,25580,20674,35301,16685,25373,18123,12862
경원선,한남,3919,9456,4920,11894,12338,4867,11886,5905,5527,3723,3963,2342
경원선,회룡,45630,6577,38944,9873,10616,23665,9157,37051,5348,35102,4268,18121
경의선,가좌,15397,2885,19246,6563,6196,9220,6448,13727,3616,12031,2571,6049
경의선,강매,13846,894,13072,2769,1988,5219,2466,8823,904,9158,649,4939
경의선,계양,0,0,1,0,0,0,0,0,0,0,0,0
경의선,곡산,1311,929,966,1949,1072,681,1405,1290,472,706,419,587
경의선,공덕,3372,5322,3705,14889,7597,3642,13737,4601,5750,3226,4721,1859
경의선,금릉,14325,3886,8884,9060,6402,7225,7725,10639,3176,10357,2947,4728
경의선,금촌,14906,9598,13153,13575,10235,9320,12620,13003,5280,12017,4160,6813
경의선,능곡,12534,2224,12587,4015,4238,6333,3816,9811,2172,8309,1648,4923
경의선,디지털미디어시티,7662,1950,7165,3376,3745,4189,3968,7773,2128,6301,1516,3195
경의선,문산,12629,6105,9818,11016,8395,7136,8592,10913,3265,8054,2879,6802
경의선,백마,27355,5053,19791,9042,6441,8676,8381,20365,3238,19581,2459,10521
경의선,서강대,2248,2224,2853,5987,4298,2687,4882,3066,2630,2135,2411,1283
경의선,서울역,2038,15469,2345,32603,14560,4212,20894,3051,9337,2265,5535,1963
경의선,수색,3162,3875,3126,12499,6458,3030,9500,2380,4417,2570,2377,1618
경의선,신촌,480,3015,467,5228,3063,919,3063,991,1138,593,1037,415
경의선,야당,19227,4208,15825,6824,7088,11806,6675,16306,4503,14514,4073,9041
경의선,운정,22798,5567,18791,8751,7650,9777,8351,17482,3413,16359,2602,8838
경의선,월롱,1584,7828,1560,8802,7498,1905,9329,2015,3247,1894,2338,1359
경의선,일산,39417,5020,26551,10256,7554,14410,9273,28719,4700,28896,3443,14080
경의선,임진강,0,0,0,0,250,59,0,0,0,0,0,0
경의선,탄현,32483,4761,19449,7735,6668,13117,8234,22193,4340,25049,3583,12699
경의선,파주,1985,1550,1909,4044,2494,962,3592,1152,777,1081,591,768
경의선,풍산,18665,3469,15062,6246,5400,8399,6384,15090,3093,12195,3027,8718
경의선,행신,31716,4374,27502,8545,8619,13776,7544,31212,4350,23497,4658,10852
경의선,홍대입구,1030,1914,1321,4852,3268,2212,4267,2783,2770,1953,2632,939
경의선,화전,2727,1928,2978,4289,3383,2055,3277,2334,1871,2141,1144,1346
경의선,효창공원앞,3726,4324,4951,13321,5455,3807,11394,5905,4882,4345,3027,2859
경인선,간석,18791,3055,16724,6687,6445,11070,6918,15471,3470,15174,3146,8335
경인선,개봉,75687,13656,72356,20677,24347,51033,22651,82431,13658,60753,11644,33633
경인선,구일,21603,5790,20189,9239,7143,11291,7870,22389,3492,17566,2675,9147
경인선,도원,5311,2968,4922,10682,5616,4179,5671,4931,1860,4352,1367,2818
경인선,도화,12858,3870,10722,5838,5131,6436,5058,8770,2412,8606,1884,5050
경인선,동암,44923,12000,42883,15986,21423,32096,19047,45692,11473,39879,9588,25941
경인선,동인천,32937,18559,24975,27355,28368,19596,30446,26113,12818,28029,10006,15208
경인선,백운,23771,3829,21768,7019,8819,13860,7563,21695,3738,19234,3086,11693
경인선,부개,32173,4985,25166,8485,9595,15514,8555,27004,4416,21600,3490,12704
경인선,부천,89624,16256,91739,36326,44036,67694,45742,102948,30294,85079,28607,43860
경인선,부평,71254,15674,68655,27722,44177,61535,42379,95271,31030,70497,32460,38911
경인선,소사,31400,6337,28818,9627,10893,18629,9697,27024,5351,23233,4263,13122
경인선,송내,90076,25830,76799,66324,35376,44404,60951,76700,26446,69858,18416,38672
경인선,역곡,102471,11709,99417,24507,27063,56358,25418,96257,15614,81380,14273,44791
경인선,오류동,40570,5293,43738,10412,12467,23652,11555,39004,6546,32096,5429,18598
경인선,온수(성공회대입구),19259,5630,18629,9595,8148,11866,8040,20045,4088,16148,3021,8867
경인선,인천,4941,4127,4016,6434,8994,2713,8182,2248,3257,1943,2826,1428
경인선,제물포,31300,8867,25774,19850,15431,16396,17810,24130,6638,22717,5034,13787
경인선,주안,52695,15539,43934,24867,29297,31116,30421,45408,16769,46124,15333,25781
경인선,중동,35190,5401,28522,10804,9416,16819,10222,26988,5112,24586,4415,14068
경춘선,가평,1627,1481,2331,3480,2730,2007,2469,2343,895,1752,807,1065
경춘선,갈매,14852,2008,9247,4539,2922,4743,3810,9369,1678,7413,1487,4122
경춘선,강촌,185,219,350,957,909,300,623,427,257,352,145,204
경춘선,굴봉산,82,68,154,221,191,106,91,107,41,110,9,75
경춘선,금곡,3969,1512,3935,3684,2040,2533,3000,2949,945,3087,648,1340
경춘선,김유정,289,332,235,433,543,290,293,298,147,204,86,108
경춘선,남춘천,2462,1560,2457,2572,4095,4099,3206,2405,2155,5489,2119,2372
경춘선,대성리,723,558,579,857,1180,611,935,585,361,567,199,429
경춘선,마석,12911,4997,8250,5991,4973,5972,6226,7469,2366,11061,2092,4871
경춘선,백양리,36,297,144,517,514,133,358,137,62,48,111,62
경춘선,별내,8369,3886,6653,5101,5831,4495,4459,6755,2215,5807,1793,2972
경춘선,사릉,14052,4685,10766,6269,4592,5199,6296,10701,2295,9658,1183,3990
경춘선,상천,408,68,476,514,474,247,242,350,95,274,71,156
경춘선,신내,4032,2371,3923,4159,3502,2488,3085,3455,1024,2617,640,1162
경춘선,천마산,6252,1289,4476,1085,1377,2871,1567,4197,665,4104,463,2780
경춘선,청평,2124,1105,2797,2050,2216,2588,1821,2396,734,2528,701,1058
경춘선,춘천,898,778,943,1786,2346,1439,1926,949,925,1831,911,842
경춘선,퇴계원,16002,3274,11329,3885,4000,7059,4498,11282,2107,8970,1374,5754
경춘선,평내호평,22375,4209,15056,8211,6593,11551,6878,14747,3788,18199,3209,7255
공항철도 1호선,검암,30448,6548,23064,12505,7274,11027,10957,21767,3783,23296,3424,11873
공항철도 1호선,계양,42614,3191,36570,4602,6883,16120,6123,32838,3560,32707,2564,17238
공항철도 1호선,공덕,4342,2872,3775,8548,3927,3984,6617,6905,3062,4846,2418,2396
공항철도 1호선,공항화물청사,1633,13288,2175,18507,8755,1169,15403,870,3961,1101,2306,1724
공항철도 1호선,김포공항,5225,16050,10046,16901,18219,10236,24623,10745,14961,6938,15300,3656
공항철도 1호선,디지털미디어시티,14333,20045,16007,69588,30943,10425,68915,17308,26260,11494,16109,6417
공항철도 1호선,마곡나루(서울식물원),7363,14525,8925,37006,24111,5515,29061,9014,11760,5671,7372,3497
공항철도 1호선,서울역,6700,9553,8839,14965,13822,8256,16918,10260,12539,7434,8759,4513
공항철도 1호선,영종,8842,1632,6232,3114,3580,5638,2845,5863,1764,8231,1405,4787
공항철도 1호선,운서,14295,7088,15507,11284,11350,10028,9436,17476,5063,12771,5104,9050
공항철도 1호선,인천공항1터미널,2953,11031,5105,17105,10642,6279,14864,2834,5915,1825,4162,2696
공항철도 1호선,인천공항2터미널,1604,7185,3134,7823,6177,3560,8451,1143,3849,752,2333,668
공항철도 1호선,청라국제도시,24548,6662,15620,15101,9466,7678,17052,16305,4670,19111,3218,9699
공항철도 1호선,홍대입구,6381,5411,8786,16100,15054,12011,19398,16559,14040,10443,13501,5497
과천선,경마공원,1694,2091,2163,4875,3721,1638,4168,1935,817,1531,553,991
과천선,과천,15166,4177,15196,7710,8978,7794,5743,13423,2612,11146,1880,6053
과천선,대공원,666,2992,941,6470,5459,896,6590,877,1640,701,787,301
과천선,범계,65785,17248,58309,50149,37023,39678,48504,62741,29318,55601,33255,26977
과천선,선바위,15380,17666,19277,21874,18099,10206,25480,15256,12105,12404,7604,6757
과천선,인덕원,61862,28781,58191,88503,38315,34704,65947,61412,24966,55196,20114,28188
과천선,정부과천청사,11500,18178,11639,51362,23441,9463,41067,13138,11164,11055,9469,5674
과천선,평촌,44335,27123,36984,76187,34031,21122,54142,35582,21847,35142,17225,18056
분당선,가천대,15148,5326,19976,15908,13409,14251,12029,21981,5863,16858,6272,11671
분당선,강남구청,4930,12864,7107,45409,21708,11855,38140,14258,20388,8755,12277,5053
분당선,개포동,6606,4182,7017,7737,7605,5498,6836,7921,3882,6499,2801,3683
분당선,구룡,2073,3849,2656,4082,5310,1959,3067,2547,1171,1954,747,1218
분당선,구성,16114,3887,15740,6745,5682,9408,5564,15857,2554,13893,2176,8699
분당선,기흥,28293,6508,28995,10164,11732,16546,13229,29963,6787,25392,6109,14334
분당선,대모산입구,7043,4200,8039,7405,10695,4350,6252,6127,2647,5119,1581,3049
분당선,도곡,6047,11944,8846,21225,15873,7714,18135,10320,8991,8235,7033,4740
분당선,망포,35982,18787,35275,39559,25684,17527,34760,32595,15358,33377,13441,19503
분당선,매교,6688,2656,7772,6972,4658,5461,4144,7286,1905,4379,1329,3459
분당선,매탄권선,15130,3076,13785,6894,6548,7544,6277,13925,3166,11921,2333,7221
분당선,모란,44112,17715,57155,28566,26786,35880,31764,50159,17618,37516,14126,27485
분당선,미금,19640,17158,25273,35665,28075,24187,30976,31445,15855,26169,14806,17114
분당선,보정,6293,2381,7089,4188,2792,3225,3063,5208,1278,4249,929,2490
분당선,복정,0,0,0,0,1,0,1,0,0,0,0,0
분당선,상갈,15883,5605,15787,6680,6830,9373,7775,14518,3828,12817,3063,8389
분당선,서울숲,10493,8598,17627,29306,16425,11399,26416,16781,12363,12466,7960,7151
분당선,서현,25763,31995,31694,64269,50372,34179,63395,45973,35372,33986,40168,18785
분당선,선릉,3327,38031,5269,110482,39657,12509,64923,14665,28937,9249,18077,4777
분당선,선정릉,3499,9985,5492,43283,19650,6626,36617,7439,19374,5296,10536,3177
분당선,수내,13579,13807,17260,44283,26856,16146,38533,21459,19503,16456,21721,8895
분당선,수서,17540,18152,26985,35278,24202,20157,30393,29855,13564,22017,13057,13895
분당선,수원,19524,5807,20224,9881,11946,13664,14471,18150,9741,12918,10471,7694
분당선,수원시청,21070,11830,20336,37171,21574,19669,31451,30206,15243,21707,13723,13823
분당선,신갈,14945,1843,14715,4645,4160,8104,3423,13386,1587,11648,1112,7362
분당선,압구정로데오,3954,20407,5719,56851,45845,22382,65250,23714,51050,11084,47413,4543
분당선,야탑,40886,31481,51669,79345,46138,39974,68188,56739,30053,43924,24090,26300
분당선,영통,12617,6318,13615,18111,15547,13084,17340,18538,9233,13628,9269,8580
분당선,오리,24344,11925,26083,30037,19965,13402,28059,20202,11937,17579,9778,11342
분당선,이매,10704,5646,11484,10648,9202,7772,9241,11537,4745,9046,3156,5383
분당선,정자,20371,18703,25728,49908,29733,22530,40721,33496,22791,26659,19343,15505
분당선,죽전,33400,12552,29386,18566,21149,21692,24233,37230,15288,32772,21053,18819
분당선,청명,13395,3975,13393,6830,5568,6780,6376,11032,2656,9898,1800,6093
분당선,태평,34369,6929,54319,14907,15406,27934,15346,39796,7953,28835,6576,21307
분당선,한티,14483,17543,17511,39093,28795,20310,35667,23632,22773,18073,27290,9602
수인선,고색,7760,7741,7390,11588,6719,4177,10388,6356,3177,6436,3102,4548
수인선,남동인더스파크,977,15569,1662,19371,11599,1146,11584,1330,3755,1849,3556,1157
수인선,달월,82,141,126,296,653,79,364,119,76,30,29,22
수인선,사리,12537,1458,11247,2518,3267,5564,3249,13163,1903,8719,1419,5039
수인선,소래포구,11603,2750,9389,5608,7410,7428,6017,10758,3587,7361,3364,4549
수인선,송도,7409,1654,7377,2546,3151,5073,2810,6845,1630,4550,1167,2653
수인선,숭의,10555,6565,8651,9163,7757,6475,7426,9123,2945,5015,1865,3562
수인선,신포,2331,2514,2166,5952,3966,2362,5352,3321,1941,1409,1688,1025
수인선,야목,352,215,440,258,431,258,350,399,197,260,118,144
수인선,어천,767,1160,882,1107,1083,846,1880,1402,739,854,481,438
수인선,연수,11931,3294,10048,8530,6374,8722,7411,11883,4111,7358,3701,5388
수인선,오목천,4888,1788,5488,3778,3613,3007,3955,6910,1818,3955,1132,2144
수인선,원인재,11791,3786,12231,6181,5859,8710,6082,12916,3544,8751,3417,6159
수인선,월곶,8153,1832,6541,2604,3282,5060,3098,7230,2124,4371,1821,3021
수인선,인천,1711,1995,1403,3560,2634,2365,1758,3151,881,2294,766,1696
수인선,인천논현,11432,7138,10663,12126,9269,10254,10647,14093,6235,8607,5854,5713
수인선,인하대,18683,3723,13714,8328,8638,11767,8229,17776,4151,9163,3697,6646
수인선,호구포,5358,16175,5986,17052,11655,4482,13116,6063,4222,5010,5371,3340
안산선,고잔,24382,11155,17251,22871,16198,11173,18372,18457,7219,15563,5824,9566
안산선,대야미,13919,4509,14596,7229,6670,7737,7845,12554,3978,10069,3251,6503
안산선,반월,14221,3198,13183,5123,5224,7543,5391,12667,2912,10165,2337,7013
안산선,산본,46071,11338,45136,24401,19091,28496,23809,49007,14281,42953,13604,22958
안산선,상록수,61279,10467,56825,15943,17225,31059,17266,55528,10862,50339,8678,29966
안산선,수리산,16078,3209,15011,4253,3782,6130,4126,11173,2080,9185,1461,5590
안산선,신길온천,5175,3070,4174,2131,2910,2869,2899,4243,1306,3656,1023,2273
안산선,안산,19121,36215,17677,29624,35516,18067,39111,21140,18938,17999,17551,12383
안산선,오이도,26237,11691,19831,11867,13928,13590,14532,20964,8180,18418,6607,12078
안산선,정왕,14685,22324,11297,25220,19933,12300,23218,16162,10932,12141,8755,9265
안산선,중앙,44689,9757,34970,26576,23979,28296,27315,45302,16607,39874,17919,22026
안산선,초지,15629,8063,11697,10752,7074,7107,8991,12124,4319,10862,2896,7067
안산선,한대앞,25208,5320,21180,12923,11076,15389,12810,24626,6674,19349,6036,12543
우이신설선,4.19민주묘지,5989,1065,7002,4476,4129,4535,2855,6030,1806,6063,1747,3305
우이신설선,가오리,12836,1945,14143,4198,3984,7402,3267,11956,2133,11313,1540,6210
우이신설선,보문,1653,2207,2957,4420,3198,2360,3692,3018,1771,1925,1264,1342
우이신설선,북한산보국문,15072,3573,19617,7031,6855,11112,6688,17897,3682,15027,2862,8922
우이신설선,북한산우이,6713,1707,7498,3022,3886,3014,2209,4492,1313,3986,1024,2208
우이신설선,삼양,5216,1081,6617,3063,2061,3836,2024,6097,1293,5171,1141,2848
우이신설선,삼양사거리,5753,1568,7185,3223,2776,4681,2685,6545,1719,4996,1277,2734
우이신설선,성신여대입구(돈암),2463,2777,4554,6685,5606,5903,6707,6821,4476,4117,4061,2254
우이신설선,솔밭공원,7522,1227,7786,1952,2218,4239,1615,6804,1157,6508,857,3738
우이신설선,솔샘,22320,2119,24219,4095,4121,9956,3418,19641,2135,17736,1579,9561
우이신설선,신설동,986,3771,1651,11814,6148,1677,9687,1394,3851,970,2410,729
우이신설선,정릉,10595,2552,13641,5376,5230,8889,5420,13609,3100,10327,2000,5988
우이신설선,화계,10034,1425,12468,3524,3299,5606,2905,9058,2153,8038,1383,4649
일산선,대곡,5266,1358,4925,2355,2815,1842,3502,3456,1331,2809,809,1465
일산선,대화,48106,12105,36382,15223,15272,15335,15828,24251,7641,27145,6726,17405
일산선,마두,13210,6958,12501,18660,11631,10166,15212,13672,6203,13066,4663,7692
일산선,백석,18386,10989,19183,24388,17914,15885,21185,20110,10816,20440,9627,10616
일산선,삼송,57606,12022,59996,21241,23313,31262,21579,54688,13107,47166,11116,27828
일산선,원당,36215,6534,38849,10813,11636,21023,11647,30249,5753,30339,4181,17024
일산선,원흥,28809,6105,31689,11019,10694,16671,11579,24934,5136,25434,4699,13132
일산선,정발산,7908,4889,8025,15420,14118,10006,17790,11967,9381,8689,11102,4853
일산선,주엽,21064,5595,18949,12630,10910,12883,11500,19597,5444,19332,5612,11167
일산선,지축,0,0,0,0,0,0,1,0,0,0,1,0
일산선,화정,43226,8808,45403,23304,21135,31458,22228,47283,11481,38750,11382,23661
장항선,배방,1684,951,1944,1458,1991,2045,1894,1723,1143,1974,678,1142
장항선,봉명,2178,3297,1539,3237,2663,1617,1347,1334,797,1380,476,808
장항선,신창(순천향대),1475,1118,1225,2930,2243,1282,3001,1982,973,1604,917,1201
장항선,쌍용(나사렛대),5744,1305,4112,2785,3074,4576,2701,3580,1663,4187,1312,2304
장항선,아산,5082,4185,4214,4542,4881,5716,6484,4658,4852,4384,2803,2414
장항선,온양온천,5463,3046,6265,6152,4819,6093,6843,6412,2280,5716,2136,3587
중앙선,구리,47952,8269,41201,16736,16274,25012,16706,40391,9879,35887,9516,20708
중앙선,국수,1483,244,1237,943,874,969,557,1165,315,1097,190,827
중앙선,덕소,18564,2958,17896,6135,5282,10364,5087,17103,2779,16123,2477,9027
중앙선,도농,40425,6213,33797,10089,10440,16267,9406,28984,4819,27398,3850,14051
중앙선,도심,10018,1391,7500,4580,2832,3175,2594,3859,1130,5939,1149,2844
중앙선,망우,23043,4489,20567,11168,9391,15240,9102,23457,6540,15368,4354,10532
중앙선,상봉(시외버스터미널),16776,3540,20251,6576,6478,10687,7294,18899,4952,16708,3938,9169
중앙선,신원,329,245,236,315,386,215,406,254,80,136,58,129
중앙선,아신,1318,434,875,620,692,1222,684,1005,372,906,192,404
중앙선,양수,4747,1199,2328,2105,2853,2662,2280,2827,871,2814,891,2483
중앙선,양원,4274,3329,3144,3698,2587,2173,1938,3255,878,2407,482,1814
중앙선,양정,1601,1768,1343,2361,2363,1016,2469,1097,703,929,335,541
중앙선,양평,4918,1943,3085,4414,4269,3980,3929,3215,1604,3497,1678,3021
중앙선,오빈,690,180,506,396,586,651,340,536,140,349,72,218
중앙선,용문,2058,1023,2435,2162,2288,2656,1482,1967,769,1755,598,1702
중앙선,운길산,859,439,1167,1048,1799,707,871,645,420,919,496,374
중앙선,원덕,483,187,545,324,416,686,311,381,114,408,85,213
중앙선,중랑,18153,2386,18648,5265,5064,12156,5414,18393,3522,12626,2547,8952
중앙선,지평,225,30,107,142,1,0,5,14,106,118,0,16
중앙선,팔당,1016,1033,1150,1789,1954,1206,1791,1170,1437,909,1123,381
중앙선,회기,42787,23513,55303,40501,45788,36856,35167,52720,19627,43393,17073,25469
