from,to,line,am7,am8,pm5,pm6,pm7,pm8
소요산,동두천,1,-2849,-798,723,511,-1349,-1506
동두천,보산,1,1947,426,703,-378,-2111,-1704
보산,동두천중앙,1,3892,-873,-102,1095,-3480,-2090
동두천중앙,지행,1,12953,4654,-4917,-4250,-10957,-4394
지행,덕정,1,6366,1798,-205,-443,-7629,-4405
덕정,덕계,1,7660,5084,-1826,-3751,-5156,-3498
덕계,양주,1,18449,10536,-2558,-7006,-12628,-8556
양주,녹양,1,11112,4780,-2529,-4872,-8811,-4963
녹양,가능,1,14655,8712,-2665,-9878,-11130,-6184
가능,의정부,1,29119,6860,-679,-9623,-17253,136
의정부,회룡,1,39053,29071,-13049,-27894,-29754,-13853
회룡,망월사,1,18222,13562,-6022,-13528,-15889,-7873
망월사,도봉산,1,54570,38762,-3249,-23030,-34259,-17788
도봉산,도봉,1,13077,7891,-3308,-6882,-10022,-4593
도봉,방학,1,18233,7167,-4798,-10155,-14553,-5551
방학,창동,1,62591,37311,-19894,-49591,-49566,-22200
창동,녹천,1,15878,10554,-3011,-9530,-8255,-4768
녹천,월계,1,14425,10068,-4532,-10462,-11169,-4370
월계,광운대,1,22224,16894,-5729,-14589,-14377,-6365
광운대,석계,1,50197,53080,-26349,-56274,-46638,-21555
석계,신이문,1,26784,26118,-10464,-21126,-18417,-10891
신이문,외대앞,1,10491,10060,-3273,-9823,-9354,-3000
외대앞,회기,1,19274,14802,8932,-17553,-23766,-8396
회기,청량리(서울시립대입구),1,30527,19556,3935,-22376,-17957,3703
청량리(서울시립대입구),제기동,1,200,-9758,14400,8934,-1943,-89
제기동,신설동,1,-10406,-49507,24472,40733,7555,4948
신설동,동묘앞,1,-1055,-21586,23241,14905,1949,1456
동묘앞,동대문,1,-25881,-67849,72400,54713,9925,12820
동대문,종로5가,1,-28949,-82926,48460,69876,31239,19864
종로5가,종로3가,1,-36900,-118153,73408,133909,74075,54677
종로3가,종각,1,-71814,-159972,74045,132448,56299,51923
종각,시청,1,-92183,-290320,100269,226501,79655,57867
시청,서울역,1,-66241,-180574,75013,150053,54808,38748
서울역,남영,1,-7909,-29466,9465,21811,3585,2800
남영,용산,1,-32954,-89248,43229,66169,35983,43033
용산,노량진,1,28138,32137,-16866,-36864,-29567,-2140
노량진,대방,1,-5252,-12023,6051,6319,-7405,-3553
대방,신길,1,13727,4389,-449,1585,-9152,-6317
신길,영등포,1,-17349,-61815,19407,44434,21894,56684
영등포,신도림,1,71159,8420,-4714,-20807,-36130,-2474
신도림,구로,1,1315,-40024,11939,20648,-689,2111
구로,구일,1,15813,10950,-4148,-14519,-14074,-6472
구일,개봉,1,62031,51679,-26686,-59780,-47095,-21989
개봉,오류동,1,35277,33326,-11185,-27449,-25550,-13169
오류동,온수(성공회대입구),1,49239,49717,-12524,-41143,-38071,-18383
온수(성공회대입구),역곡,1,90762,74910,-29295,-70839,-65766,-30518
역곡,소사,1,25063,19191,-7736,-17327,-17882,-8859
소사,부천,1,73368,55413,-23658,-57206,-54785,-15253
부천,중동,1,29789,17718,-7403,-16766,-19474,-9653
중동,송내,1,64246,10475,-9028,-15749,-43412,-20256
송내,부개,1,27188,16681,-5919,-18449,-17184,-9214
부개,부평,1,55580,40933,-17358,-52892,-39467,-6451
부평,백운,1,19942,14749,-5041,-14132,-15496,-8607
백운,동암,1,32923,26897,-10673,-26645,-28406,-16353
동암,간석,1,15736,10037,-4625,-8553,-11704,-5189
간석,주안,1,37156,19067,-1819,-14987,-29355,-10448
주안,도화,1,8988,4884,-1305,-3712,-6194,-3166
도화,제물포,1,22433,5924,-965,-6320,-16079,-8753
제물포,도원,1,2343,-5760,1437,740,-2492,-1451
도원,동인천,1,14378,-2380,8772,4333,-15211,-5202
동인천,인천,1,530,-4575,6550,4541,-99,468
구로,가산디지털단지,1,-110605,-445849,169766,317521,125536,71715
가산디지털단지,독산,1,-3221,-58280,23557,29419,2787,2881
독산,금천구청,1,25594,10830,-8518,-17429,-18953,-7320
금천구청,석수,1,22376,17859,-1263,-13550,-15508,-6873
석수,관악,1,22097,17973,-2958,-15028,-14336,-6900
관악,안양,1,52620,32661,-11067,-36100,-38059,-11780
안양,명학,1,-983,-29604,12977,15793,-4432,2691
명학,금정,1,28127,-13792,1256,-3945,-28241,-13782
금정,군포,1,-12026,-29275,9673,19603,13,2357
군포,당정,1,13081,3835,-925,-2348,-10991,-5913
당정,의왕,1,6566,2504,3184,-5065,-10017,-5040
의왕,성균관대,1,44816,26775,-8304,-28131,-30967,-13388
성균관대,화서,1,27838,15401,-6709,-17848,-17299,-8091
화서,수원,1,33433,10218,-4731,-19296,-17852,22734
수원,세류,1,7561,4180,-539,-3980,-4988,-2237
세류,병점,1,18958,8097,1193,-8859,-18515,-11038
병점,세마,1,4676,-733,609,-1317,-3568,-2348
세마,오산대,1,5438,-488,162,-1377,-3583,-1494
오산대,오산,1,-3695,-2777,3699,1035,-6787,-3563
오산,진위,1,-3868,-4412,3772,5185,847,557
진위,송탄,1,5570,830,-1578,-1564,-5097,-3552
송탄,서정리,1,-501,-3280,8866,5102,-3294,-478
서정리,지제,1,-2264,-1613,6396,2223,657,226
지제,평택,1,7417,-652,1360,-2132,-3113,1137
평택,성환,1,-3751,-6439,5576,2788,-365,-428
성환,직산,1,-625,-1653,872,972,-393,-6
직산,두정,1,5186,1554,942,-3129,-3501,-3187
두정,천안,1,2893,-912,268,-495,-1704,-1961
천안,봉명,1,-1119,-1698,1046,13,-583,-332
봉명,쌍용(나사렛대),1,4439,1327,-1502,-879,-2524,-992
쌍용(나사렛대),아산,1,897,-328,-835,1826,468,389
아산,배방,1,733,486,-54,171,-831,-464
배방,온양온천,1,2417,113,-1274,431,-3436,-1451
온양온천,신창(순천향대),1,357,-1705,961,1019,-631,-284
금천구청,광명,1,6688,5081,-2790,-4121,-295,-2181
병점,서동탄,1,6946,1939,-480,-1716,-3650,-1613
시청,을지로입구,2,-87980,-227773,94521,171458,73273,77088
을지로입구,을지로3가,2,-75007,-179547,73371,141152,56986,38118
을지로3가,을지로4가,2,-37829,-101163,53661,81697,37372,19938
을지로4가,동대문역사문화공원,2,0,0,0,0,0,0
동대문역사문화공원,신당,2,1246,-18526,7545,5447,-8594,1572
신당,상왕십리,2,20763,19238,-6489,-18631,-14467,-7896
상왕십리,왕십리(성동구청),2,22209,19848,-5662,-31074,-23084,7274
왕십리(성동구청),한양대,2,-5514,-21225,14909,16437,5705,4243
한양대,뚝섬,2,-14650,-92328,22974,65282,26884,14416
뚝섬,성수,2,-43887,-206730,53186,144256,54089,31562
성수,건대입구,2,12812,5950,-5300,-30434,-17449,27521
건대입구,구의(광진구청),2,41212,60540,-17947,-44199,-38608,-21424
구의(광진구청),강변(동서울터미널),2,45113,49180,-22895,-45301,-30250,-12715
강변(동서울터미널),잠실나루,2,10017,4866,6704,-7414,-12187,-4595
잠실나루,잠실(송파구청),2,14779,-55788,20824,13400,1547,52843
잠실(송파구청),잠실새내,2,25649,31845,-12302,-29632,-18789,-992
잠실새내,종합운동장,2,7109,1188,-475,-7929,-8733,-3860
종합운동장,삼성(무역센터),2,-89396,-233505,105229,176661,94145,83658
삼성(무역센터),선릉,2,-117464,-315214,144292,244546,110342,75214
선릉,역삼,2,-88896,-245521,121815,186850,89210,54514
역삼,강남,2,-85012,-215898,109543,176547,113655,104700
강남,교대(법원.검찰청),2,-31164,-140494,70568,123881,44072,41639
교대(법원.검찰청),서초,2,-27383,-84173,39869,68068,23270,16972
서초,방배,2,-6945,-35575,11904,23825,1523,3269
방배,사당,2,61601,69394,-34172,-61544,-47396,-6336
사당,낙성대,2,0,0,0,0,0,0
낙성대,서울대입구(관악구청),2,77597,102121,-26025,-74904,-74756,-31694
서울대입구(관악구청),봉천,2,56411,80355,-23352,-49164,-46197,-25060
봉천,신림,2,145777,213915,-59890,-150032,-134822,-69618
신림,신대방,2,58851,81989,-26472,-52769,-49772,-32203
신대방,구로디지털단지,2,45867,-52550,9347,40711,-17576,-11303
구로디지털단지,대림(구로구청),2,42993,33763,-23898,-19972,-22771,-17452
대림(구로구청),신도림,2,71159,8420,-4714,-20807,-36130,-2474
신도림,문래,2,3668,-67702,23247,46634,657,6664
문래,영등포구청,2,2843,-81172,23065,55453,5523,8851
영등포구청,당산,2,38969,-15058,-9950,-16522,-33889,-14822
당산,합정,2,3180,-51435,6946,28702,12088,29827
합정,홍대입구,2,19607,-28375,9968,3047,12231,53609
홍대입구,신촌(지하),2,-4775,-26962,18459,3156,3825,29056
신촌(지하),이대,2,5785,-6823,10998,506,-2339,2313
이대,아현,2,13934,16032,-3517,-14237,-11704,-6682
아현,충정로(경기대입구),2,-5120,-51919,14228,39076,2747,1814
충정로(경기대입구),시청,2,-92183,-290320,100269,226501,79655,57867
성수,용답,2,4143,7546,-1647,-6154,-3981,-2168
용답,신답,2,3901,6744,-2111,-6537,-4985,-2096
신답,용두(동대문구청),2,1850,980,110,-1496,-2677,-941
용두(동대문구청),신설동,2,-10406,-49507,24472,40733,7555,4948
신도림,도림천,2,-422,-2994,957,761,-388,-461
도림천,양천구청,2,21160,15005,-8467,-17793,-17771,-8794
양천구청,신정네거리,2,32757,24441,-10747,-29635,-23961,-10625
신정네거리,까치산,2,91695,114470,-35241,-83362,-71843,-39244
대화,주엽,3,15469,6319,-1973,-8097,-13888,-5555
주엽,정발산,3,3019,-7395,4112,5823,692,6249
정발산,마두,3,6252,-6159,1465,1540,-6863,-3029
마두,백석,3,7397,-5205,2029,1075,-9624,-989
백석,대곡,3,3908,2570,973,46,-1478,-656
대곡,화정,3,34418,22099,-10323,-25055,-27269,-12279
화정,원당,3,29681,28036,-9387,-18602,-24586,-12843
원당,원흥,3,22704,20670,-5977,-13355,-20298,-8433
원흥,삼송,3,45584,38755,-7949,-33109,-34059,-16712
삼송,지축,3,10034,9927,-1772,-9387,-7451,-4441
지축,구파발,3,47170,44744,-5907,-34799,-33964,-14073
구파발,연신내,3,96026,111586,-30193,-78398,-76876,-32600
연신내,불광,3,38610,29879,-10362,-30315,-31094,-11278
불광,녹번,3,44404,46275,-13607,-35154,-34902,-18524
녹번,홍제,3,38935,38523,-10497,-33693,-31789,-14474
홍제,무악재,3,8906,8980,-2898,-8654,-8485,-4406
무악재,독립문,3,1222,-2729,-87,-2103,-5829,-2711
독립문,경복궁(정부서울청사),3,-21384,-69799,26232,52566,14538,15895
경복궁(정부서울청사),안국,3,-60502,-73666,56076,67510,23833,18892
안국,종로3가,3,-36900,-118153,73408,133909,74075,54677
종로3가,을지로3가,3,-75007,-179547,73371,141152,56986,38118
을지로3가,충무로,3,-40882,-151041,51946,107727,50932,37156
충무로,동대입구,3,-8602,-35541,22008,18492,8437,5451
동대입구,약수,3,7021,-6285,-256,-2485,-6254,-286
약수,금호,3,16310,21417,-9153,-17246,-12885,-7459
금호,옥수,3,10687,11279,-5420,-14295,-11888,-5801
옥수,압구정,3,-26345,-99391,39698,73109,63221,58030
압구정,신사,3,-28468,-81371,36281,69973,58800,45796
신사,잠원,3,1314,3096,210,-3992,-3288,-1169
잠원,고속터미널,3,-43723,-63687,52005,40551,44636,93721
고속터미널,교대(법원.검찰청),3,-31164,-140494,70568,123881,44072,41639
교대(법원.검찰청),남부터미널(예술의전당),3,-26799,-101669,38537,70267,25703,19513
남부터미널(예술의전당),양재(서초구청),3,-61533,-167526,60831,116572,40384,28005
양재(서초구청),매봉,3,-7096,-44654,18281,36431,10047,7553
매봉,도곡,3,-10843,-20775,14904,14523,1563,3907
도곡,대치,3,7272,-2328,2275,1276,-4175,777
대치,학여울,3,147,-2493,1068,1513,-421,-158
학여울,대청,3,9987,4151,2933,-2373,-8394,-3997
대청,일원,3,-6786,-2962,16458,-2535,-5168,-3017
일원,수서,3,1801,-14518,8584,-157,-19274,-1918
수서,가락시장,3,1249,-27525,7048,13294,-2352,1433
가락시장,경찰병원,3,8995,-5992,2071,1340,-7863,-3872
경찰병원,오금,3,15743,2529,50,-1351,-9675,-5169
당고개,상계,4,64967,52172,-16547,-41614,-42356,-22572
상계,노원,4,55540,21643,-16027,-45895,-43618,4410
노원,창동,4,62591,37311,-19894,-49591,-49566,-22200
창동,쌍문,4,91670,92012,-27806,-67562,-70073,-39892
쌍문,수유(강북구청),4,77283,63885,-22696,-58824,-61813,-30845
수유(강북구청),미아(서울사이버대학),4,31638,22794,-8734,-22177,-21959,-12605
미아(서울사이버대학),미아사거리,4,64793,62142,-22407,-58439,-44687,-11775
미아사거리,길음,4,54232,51415,-15177,-45471,-39750,-18746
길음,성신여대입구(돈암),4,22799,14842,-5376,-17216,-15835,358
성신여대입구(돈암),한성대입구(삼선교),4,10823,7556,165,-8268,-12774,-4661
한성대입구(삼선교),혜화,4,-27111,-81868,40288,56081,17326,26269
혜화,동대문,4,-25881,-67849,72400,54713,9925,12820
동대문,동대문역사문화공원,4,0,0,0,0,0,0
동대문역사문화공원,충무로,4,-40882,-151041,51946,107727,50932,37156
충무로,명동,4,-29730,-81879,30721,69144,29480,27713
명동,회현(남대문시장),4,-36146,-101172,59010,86966,32448,35584
회현(남대문시장),서울역,4,-66241,-180574,75013,150053,54808,38748
서울역,숙대입구(갈월),4,-3772,-18752,8656,14752,1427,3573
숙대입구(갈월),삼각지,4,-10549,-27858,13408,20510,4443,4527
삼각지,신용산,4,-15872,-51295,21891,40352,17602,15375
신용산,이촌(국립중앙박물관),4,-829,-9299,7241,2907,-4867,-855
이촌(국립중앙박물관),동작(현충원),4,2314,2037,1236,-1063,-2641,-563
동작(현충원),총신대입구(이수),4,21243,13001,-10467,-22355,-17379,-715
총신대입구(이수),사당,4,61601,69394,-34172,-61544,-47396,-6336
사당,남태령,4,-820,-729,1409,972,-185,61
남태령,선바위,4,-2286,-2597,7893,10224,-299,847
선바위,경마공원,4,-397,-2712,2083,2233,-714,-438
경마공원,대공원,4,-2326,-5529,4563,5713,939,486
대공원,과천,4,10989,7486,1184,-7680,-8534,-4173
과천,정부과천청사,4,-6678,-39723,13978,27929,109,3795
정부과천청사,인덕원,4,33081,-30312,3611,4535,-30230,-8074
인덕원,평촌,4,17212,-39203,12909,18560,-13295,-831
평촌,범계,4,48537,8160,-2655,-14237,-26283,6278
범계,금정,4,28127,-13792,1256,-3945,-28241,-13782
금정,산본,4,34733,20735,-9405,-25198,-28672,-9354
산본,수리산,4,12869,10758,-2348,-7047,-7105,-4129
수리산,대야미,4,9410,7367,-1067,-4709,-6091,-3252
대야미,반월,4,11023,8060,-2319,-7276,-7253,-4676
반월,상록수,4,50812,40882,-13834,-38262,-39477,-21288
상록수,한대앞,4,19888,8257,-4313,-11816,-12675,-6507
한대앞,중앙,4,34932,8394,-4317,-17987,-23267,-4107
중앙,고잔,4,13227,-5620,5025,-85,-8344,-3742
고잔,초지,4,7566,945,-33,-3133,-6543,-4171
초지,안산,4,-17094,-11947,17449,17971,939,5168
안산,신길온천,4,2105,2043,41,-1344,-2350,-1250
신길온천,정왕,4,-7639,-13923,7633,7056,-1209,-510
정왕,오이도,4,14546,7964,338,-6432,-10238,-5471
방화,개화산,5,11899,5164,-604,-3907,-8405,-4434
개화산,김포공항,5,-24012,-23570,5886,18352,8746,25535
김포공항,송정,5,10612,7556,-452,-4856,-8200,-4004
송정,마곡,5,7603,-17254,9370,11762,-1215,1389
마곡,발산,5,-5259,-57498,21184,31693,6058,11665
발산,우장산,5,32781,30007,-8707,-30798,-27345,-12566
우장산,화곡,5,81654,99547,-27867,-72323,-62543,-33466
화곡,까치산,5,91695,114470,-35241,-83362,-71843,-39244
까치산,신정(은행정),5,49345,59345,-12237,-29759,-26400,-14635
신정(은행정),목동,5,38544,34949,-15339,-45157,-35148,-14108
목동,오목교(목동운동장앞),5,16797,-17945,-546,-2039,-8013,18355
오목교(목동운동장앞),양평,5,12555,-16064,4043,11060,-6468,-2698
양평,영등포구청,5,2843,-81172,23065,55453,5523,8851
영등포구청,영등포시장,5,3319,-9697,5702,7405,-1545,556
영등포시장,신길,5,13727,4389,-449,1585,-9152,-6317
신길,여의도,5,-192590,-271757,164061,204091,75827,53923
여의도,여의나루,5,-23285,-34911,21636,24026,7094,5423
여의나루,마포,5,-2557,-36356,10569,22377,1064,5719
마포,공덕,5,-23645,-118579,38637,76586,16751,23189
공덕,애오개,5,6156,-4749,1265,2036,-5015,-1851
애오개,충정로(경기대입구),5,-5120,-51919,14228,39076,2747,1814
충정로(경기대입구),서대문,5,-38485,-107264,33182,71692,15960,13067
서대문,광화문(세종문화회관),5,-55734,-195443,56627,141794,52352,38934
광화문(세종문화회관),종로3가,5,-36900,-118153,73408,133909,74075,54677
종로3가,을지로4가,5,-37829,-101163,53661,81697,37372,19938
을지로4가,동대문역사문화공원,5,0,0,0,0,0,0
동대문역사문화공원,청구,5,2791,-18448,2734,8177,3293,1517
청구,신금호,5,10290,12619,-5481,-13431,-9480,-4749
신금호,행당,5,20217,28173,-7790,-19806,-13898,-6392
행당,왕십리(성동구청),5,22209,19848,-5662,-31074,-23084,7274
왕십리(성동구청),마장,5,6558,3860,-317,-3133,-4412,-1753
마장,답십리,5,32735,33249,-6276,-22990,-20781,-9262
답십리,장한평,5,22679,-1032,1305,-5659,-14876,-7634
장한평,군자(능동),5,41944,48514,-10148,-30998,-28349,-9291
군자(능동),아차산(어린이대공원후문),5,27306,34031,-9685,-26648,-22395,-11282
아차산(어린이대공원후문),광나루(장신대),5,18535,12139,-847,-8510,-11233,-6843
광나루(장신대),천호(풍납토성),5,27926,23630,-11721,-33947,-23744,9826
천호(풍납토성),강동,5,23234,16355,4451,-6369,-20713,-9276
강동,길동,5,12431,7919,-2997,-8629,-11009,-5164
길동,굽은다리(강동구민회관앞),5,25093,22280,-6084,-18571,-17066,-7138
굽은다리(강동구민회관앞),명일,5,24442,18781,-7317,-21849,-19545,-7281
명일,고덕,5,15217,7907,75,-9761,-17113,-3961
고덕,상일동,5,60569,37828,-10703,-31029,-41089,-19076
강동,둔촌동,5,10395,5206,-1541,-6723,-8464,-2415
둔촌동,올림픽공원(한국체대),5,11392,5025,4319,-3189,-9237,-5965
올림픽공원(한국체대),방이,5,8229,-6389,-664,-161,-4546,-275
방이,오금,5,15743,2529,50,-1351,-9675,-5169
오금,개롱,5,13217,3989,-3103,-7560,-11396,-4175
개롱,거여,5,18260,10636,-431,-8042,-14457,-5165
거여,마천,5,16740,11523,-4160,-10239,-12698,-5477
응암,역촌,6,10651,6775,-4185,-10320,-9911,-4579
역촌,불광,6,38610,29879,-10362,-30315,-31094,-11278
불광,독바위,6,10164,9118,-3365,-8915,-8545,-4424
독바위,연신내,6,96026,111586,-30193,-78398,-76876,-32600
연신내,구산,6,18214,22617,-3336,-10690,-12053,-5243
구산,응암,6,51793,58867,-19843,-49713,-42673,-22434
응암,새절(신사),6,39288,41593,-11980,-31019,-28698,-15135
새절(신사),증산(명지대앞),6,27037,33309,-10010,-27483,-23417,-11638
증산(명지대앞),디지털미디어시티,6,10568,-71477,25862,54000,1103,1796
디지털미디어시티,월드컵경기장(성산),6,2778,1383,2518,-1409,-2684,733
월드컵경기장(성산),마포구청,6,16964,12034,-1963,-4060,-12362,-6367
마포구청,망원,6,13339,4152,-4537,-8123,-8606,1155
망원,합정,6,3180,-51435,6946,28702,12088,29827
합정,상수,6,755,-9180,1708,3896,2259,7112
상수,광흥창(서강),6,1837,-12657,4675,8860,-1949,-123
광흥창(서강),대흥(서강대앞),6,1592,-9643,4155,3068,-1760,331
대흥(서강대앞),공덕,6,-23645,-118579,38637,76586,16751,23189
공덕,효창공원앞,6,5926,-6800,3609,6980,-2171,-993
효창공원앞,삼각지,6,-10549,-27858,13408,20510,4443,4527
삼각지,녹사평(용산구청),6,-2576,-8212,3376,4852,1524,2493
녹사평(용산구청),이태원,6,-3296,-8147,5061,5046,2225,4921
이태원,한강진,6,-13916,-24646,10524,16498,11814,10154
한강진,버티고개,6,1468,1329,308,-450,-1280,-852
버티고개,약수,6,7021,-6285,-256,-2485,-6254,-286
약수,청구,6,2791,-18448,2734,8177,3293,1517
청구,신당,6,1246,-18526,7545,5447,-8594,1572
신당,동묘앞,6,-1055,-21586,23241,14905,1949,1456
동묘앞,창신,6,8107,8889,-1072,-4730,-4647,-2106
창신,보문,6,8595,5951,846,-3614,-8064,-4145
보문,안암(고대병원앞),6,-7292,-18746,17656,10782,2225,4812
안암(고대병원앞),고려대(종암),6,7741,1040,4913,-4011,-8660,-3035
고려대(종암),월곡(동덕여대),6,25025,18752,-6204,-15813,-17454,-6817
월곡(동덕여대),상월곡(한국과학기술연구원),6,16587,14718,-4697,-9569,-9909,-6373
상월곡(한국과학기술연구원),돌곶이,6,20983,19494,-6126,-14750,-14159,-7791
돌곶이,석계,6,50197,53080,-26349,-56274,-46638,-21555
석계,태릉입구,6,22629,18122,-3710,-16846,-19866,-8074
태릉입구,화랑대(서울여대입구),6,43622,35742,-6866,-22536,-23698,-11485
화랑대(서울여대입구),봉화산(서울의료원),6,34561,24458,-7009,-19200,-22076,-11013
봉화산(서울의료원),신내,6,1661,-236,1014,-370,-1593,-522
장암,도봉산,7,54570,38762,-3249,-23030,-34259,-17788
도봉산,수락산,7,35741,26951,-7123,-21635,-29970,-15378
수락산,마들,7,44500,38404,-12422,-30306,-33382,-15705
마들,노원,7,55540,21643,-16027,-45895,-43618,4410
노원,중계,7,42024,36604,-8114,-26842,-32673,-16571
중계,하계,7,44747,40485,-8170,-32437,-38193,-15851
하계,공릉(서울과학기술대),7,21949,18100,-4435,-16344,-20229,-8017
공릉(서울과학기술대),태릉입구,7,22629,18122,-3710,-16846,-19866,-8074
태릉입구,먹골,7,26693,25990,-9428,-20226,-21009,-10710
먹골,중화,7,24085,21036,-6229,-18866,-20434,-11198
중화,상봉(시외버스터미널),7,44488,45596,-9026,-35482,-36401,-13526
상봉(시외버스터미널),면목,7,41999,44869,-14665,-34979,-32416,-18149
면목,사가정,7,36927,38078,-13934,-34891,-32270,-14707
사가정,용마산,7,0,0,0,0,0,0
용마산,중곡,7,18700,23673,-6118,-18172,-16333,-8856
중곡,군자(능동),7,41944,48514,-10148,-30998,-28349,-9291
군자(능동),어린이대공원(세종대),7,757,-11402,9573,7571,-1755,275
어린이대공원(세종대),건대입구,7,12812,5950,-5300,-30434,-17449,27521
건대입구,뚝섬유원지,7,10569,13684,-4105,-11025,-9827,-4676
뚝섬유원지,청담,7,-41119,-112987,41402,78704,38475,23045
청담,강남구청,7,-29436,-118596,36844,81706,46482,29805
강남구청,학동,7,-39427,-151509,50663,123005,57929,29414
학동,논현,7,-31602,-92541,30867,67847,38285,25268
논현,반포,7,-4504,-9083,6268,6423,3486,4862
반포,고속터미널,7,-43723,-63687,52005,40551,44636,93721
고속터미널,내방,7,-7030,-47516,17082,37122,6126,6304
내방,총신대입구(이수),7,21243,13001,-10467,-22355,-17379,-715
총신대입구(이수),남성,7,26150,34772,-8719,-23950,-21123,-9640
남성,숭실대입구(살피재),7,22688,25006,-6734,-23802,-20154,-8889
숭실대입구(살피재),상도,7,16793,19559,-3923,-16624,-15502,-6285
상도,장승배기,7,17700,22131,-7754,-16695,-16102,-6960
장승배기,신대방삼거리,7,31959,42204,-10530,-30748,-29562,-13432
신대방삼거리,보라매,7,5597,-5344,1790,2522,-9121,-3710
보라매,신풍,7,23956,25482,-8181,-20652,-18759,-9366
신풍,대림(구로구청),7,42993,33763,-23898,-19972,-22771,-17452
대림(구로구청),남구로,7,114,-60399,3198,36597,12269,3492
남구로,가산디지털단지,7,-110605,-445849,169766,317521,125536,71715
가산디지털단지,철산,7,54089,46531,-16065,-47555,-42773,-12121
철산,광명사거리,7,54078,59310,-18216,-48125,-41113,-17268
광명사거리,천왕,7,32426,39587,-9899,-30192,-27276,-12798
천왕,온수(성공회대입구),7,49239,49717,-12524,-41143,-38071,-18383
온수(성공회대입구),까치울,7,20883,26205,-7304,-18666,-17574,-9635
까치울,부천종합운동장,7,9105,6695,373,-3573,-6256,-3289
부천종합운동장,춘의,7,-6511,-28774,14433,20823,-1559,-635
춘의,신중동,7,24492,-3037,2227,1752,-16938,1197
신중동,부천시청,7,24313,14026,-1120,-14301,-17924,-873
부천시청,상동,7,21972,6480,-2901,-9421,-15551,-2017
상동,삼산체육관,7,17979,14940,-4473,-11588,-10910,-6631
삼산체육관,굴포천,7,26287,21540,-8461,-20445,-24544,-11527
굴포천,부평구청,7,44790,34025,-3028,-20240,-26701,-13775
부평구청,산곡,7,0,0,0,0,0,0
산곡,석남,7,0,0,0,0,0,0
암사,천호(풍납토성),8,27926,23630,-11721,-33947,-23744,9826
천호(풍납토성),강동구청,8,13019,2220,-4425,-5742,-14464,-6725
강동구청,몽촌토성(평화의문),8,51,-8516,4339,5444,-1042,303
몽촌토성(평화의문),잠실(송파구청),8,14779,-55788,20824,13400,1547,52843
잠실(송파구청),석촌,8,19208,15939,-5640,-14590,-17005,-5017
석촌,송파,8,11907,11047,-4240,-10326,-12147,-5071
송파,가락시장,8,1249,-27525,7048,13294,-2352,1433
가락시장,문정,8,-22918,-119033,43217,80295,20938,14752
문정,장지,8,17377,-3427,4158,-1000,-5748,6677
장지,복정,8,13422,14405,2002,-5731,-7436,-4216
복정,산성,8,19545,20695,-6629,-17504,-16484,-9408
산성,남한산성입구(성남법원.검찰청),8,29861,34221,-5934,-21091,-24053,-12486
남한산성입구(성남법원.검찰청),단대오거리,8,19840,18759,-4626,-12754,-15579,-9195
단대오거리,신흥,8,8427,8283,-3167,-7650,-7097,-3478
신흥,수진,8,10784,12309,-1626,-6353,-7823,-3875
수진,모란,8,30367,32223,-7174,-17274,-19828,-12596
개화,김포공항,9,-24012,-23570,5886,18352,8746,25535
김포공항,공항시장,9,5580,4774,-2225,-5838,-5840,-3480
공항시장,신방화,9,18778,12463,-4400,-13031,-13915,-6130
신방화,마곡나루,9,0,0,0,0,0,0
마곡나루,양천향교,9,14677,-6819,2063,804,-11571,-6297
양천향교,가양,9,38308,24349,-6037,-23819,-32381,-15208
가양,중미,9,0,0,0,0,0,0
중미,등촌,9,26447,23758,-9414,-18671,-21576,-9681
등촌,염창,9,51158,46048,-19856,-40385,-41310,-22186
염창,신목동,9,11644,9321,-2283,-7557,-7588,-3530
신목동,선유도,9,5502,-12647,5744,10997,-1657,-210
선유도,당산,9,38969,-15058,-9950,-16522,-33889,-14822
당산,국회의사당,9,-30341,-107636,48848,78905,25661,17431
국회의사당,여의도,9,-192590,-271757,164061,204091,75827,53923
여의도,샛강,9,-8899,-23884,8910,16755,4521,3741
샛강,노량진,9,28138,32137,-16866,-36864,-29567,-2140
노량진,노들,9,10418,13568,-3512,-10028,-7882,-3838
노들,흑석(중앙대입구),9,3064,3623,2146,-8444,-6470,-1270
흑석(중앙대입구),동작(현충원),9,2314,2037,1236,-1063,-2641,-563
동작(현충원),구반포,9,285,-1450,821,1214,-646,455
구반포,신반포,9,-1248,-2190,3871,1190,-456,185
신반포,고속터미널,9,-43723,-63687,52005,40551,44636,93721
고속터미널,사평,9,2137,1633,313,-2514,-3129,-1274
사평,신논현,9,-12394,-43037,25437,36396,33170,32475
신논현,언주,9,-9974,-40367,19145,31818,12742,7386
언주,선정릉,9,-13212,-74311,26088,57423,28283,14326
선정릉,삼성중앙,9,-7758,-26934,12092,21629,7820,5418
삼성중앙,봉은사,9,-19388,-63233,29262,50105,25306,20077
봉은사,종합운동장,9,7109,1188,-475,-7929,-8733,-3860
종합운동장,삼전,9,11042,14925,-4570,-10337,-12141,-5801
삼전,석촌고분,9,8063,9663,-2267,-8258,-8916,-5217
석촌고분,석촌,9,19208,15939,-5640,-14590,-17005,-5017
석촌,송파나루,9,6910,4264,-2650,-3796,-6720,-792
송파나루,한성백제,9,3315,1592,757,-400,-2568,-897
한성백제,올림픽공원(한국체대),9,11392,5025,4319,-3189,-9237,-5965
올림픽공원(한국체대),둔촌오륜,9,257,957,980,-400,-1178,-496
둔촌오륜,중앙보훈병원,9,18254,12333,3205,-9867,-15385,-6702
서울역,공덕,인천국제공항철도,-23645,-118579,38637,76586,16751,23189
공덕,홍대입구,인천국제공항철도,19607,-28375,9968,3047,12231,53609
홍대입구,디지털미디어시티,인천국제공항철도,10568,-71477,25862,54000,1103,1796
디지털미디어시티,마곡나루,인천국제공항철도,0,0,0,0,0,0
마곡나루,김포공항,인천국제공항철도,-24012,-23570,5886,18352,8746,25535
김포공항,계양,인천국제공항철도,39423,31969,-9237,-26715,-29147,-14674
계양,검암,인천국제공항철도,23900,10559,-3753,-10810,-19513,-8449
검암,청라국제도시,인천국제공항철도,17886,519,1788,747,-14441,-6481
청라국제도시,영종,인천국제공항철도,7210,3118,-2058,-3018,-6467,-3382
영종,운서,인천국제공항철도,7207,4223,1322,-8040,-7708,-3946
운서,공항화물청사,인천국제공항철도,-11655,-16332,7586,14533,2860,582
공항화물청사,인천공항1터미널,인천국제공항철도,-8078,-12000,4363,12030,4090,1466
인천공항1터미널,인천공항2터미널,인천국제공항철도,-5581,-4689,2617,7308,3097,1665
임진강,문산,경의·중앙선,6524,-1198,1259,-2321,-4789,-3923
문산,파주,경의·중앙선,435,-2135,1532,2440,-304,-177
파주,월롱,경의·중앙선,-6244,-7242,5593,7314,1353,979
월롱,금촌,경의·중앙선,5308,-422,915,-383,-6737,-2653
금촌,금릉,경의·중앙선,10439,-176,-823,-2914,-7181,-1781
금릉,운정,경의·중앙선,17231,10040,-2127,-9131,-12946,-6236
운정,야당,경의·중앙선,15019,9001,-4718,-9631,-10011,-4968
야당,탄현,경의·중앙선,27722,11714,-6449,-13959,-20709,-9116
탄현,일산,경의·중앙선,34397,16295,-6856,-19446,-24196,-10637
일산,풍산,경의·중앙선,15196,8816,-2999,-8706,-9102,-5691
풍산,백마,경의·중앙선,22302,10749,-2235,-11984,-16343,-8062
백마,곡산,경의·중앙선,382,-983,391,115,-234,-168
곡산,대곡,경의·중앙선,3908,2570,973,46,-1478,-656
대곡,능곡,경의·중앙선,10310,8572,-2095,-5995,-6137,-3275
능곡,행신,경의·중앙선,27342,18957,-5157,-23668,-19147,-6194
행신,강매,경의·중앙선,12952,10303,-3231,-6357,-8254,-4290
강매,화전,경의·중앙선,799,-1311,1328,943,-270,-202
화전,수색,경의·중앙선,-713,-9373,3428,7120,1847,759
수색,디지털미디어시티,경의·중앙선,10568,-71477,25862,54000,1103,1796
디지털미디어시티,가좌,경의·중앙선,12512,12683,-3024,-7279,-8415,-3478
가좌,홍대입구,경의·중앙선,19607,-28375,9968,3047,12231,53609
홍대입구,서강대,경의·중앙선,24,-3134,1611,1816,495,1128
서강대,공덕,경의·중앙선,-23645,-118579,38637,76586,16751,23189
공덕,효창공원앞,경의·중앙선,5926,-6800,3609,6980,-2171,-993
효창공원앞,용산,경의·중앙선,-32954,-89248,43229,66169,35983,43033
용산,이촌(국립중앙박물관),경의·중앙선,-829,-9299,7241,2907,-4867,-855
이촌(국립중앙박물관),서빙고,경의·중앙선,-1375,-4592,3371,2488,25,158
서빙고,한남,경의·중앙선,-5537,-6974,7471,5981,1804,1621
한남,옥수,경의·중앙선,10687,11279,-5420,-14295,-11888,-5801
옥수,응봉,경의·중앙선,3784,3810,-1006,-2024,-3089,-1102
응봉,왕십리(성동구청),경의·중앙선,22209,19848,-5662,-31074,-23084,7274
왕십리(성동구청),청량리(서울시립대입구),경의·중앙선,30527,19556,3935,-22376,-17957,3703
청량리(서울시립대입구),회기,경의·중앙선,19274,14802,8932,-17553,-23766,-8396
회기,중랑,경의·중앙선,15767,13383,-7092,-12979,-9104,-6405
중랑,삼봉,경의·중앙선,0,0,0,0,0,0
삼봉,망우,경의·중앙선,18554,9399,-5849,-14355,-8828,-6178
망우,양원,경의·중앙선,945,-554,414,-1317,-1529,-1332
양원,구리,경의·중앙선,39683,24465,-8738,-23685,-26008,-11192
구리,도농,경의·중앙선,34212,23708,-5827,-19578,-22579,-10201
도농,양정,경의·중앙선,-167,-1018,1347,1372,-226,-206
양정,덕소,경의·중앙선,15606,11761,-5082,-12016,-13344,-6550
덕소,도심,경의·중앙선,8627,2920,-343,-1265,-4809,-1695
도심,팔당,경의·중앙선,-17,-639,748,621,528,742
팔당,운길산,경의·중앙선,420,119,1092,226,-499,122
운길산,양수,경의·중앙선,3548,223,191,-547,-1943,-1592
양수,신원,경의·중앙선,84,-79,171,152,-56,-71
신원,국수,경의·중앙선,1239,294,-95,-608,-782,-637
국수,아신,경의·중앙선,884,255,-530,-321,-534,-212
아신,오빈,경의·중앙선,510,110,-65,-196,-209,-146
오빈,양평,경의·중앙선,12555,-16064,4043,11060,-6468,-2698
양평,원덕,경의·중앙선,296,221,-270,-70,-294,-128
원덕,용문,경의·중앙선,1035,273,-368,-485,-986,-1104
용문,지평,경의·중앙선,195,-35,1,-9,-12,-16
서울역,신촌,경의·중앙선,-2535,-4761,2144,2072,545,622
신촌,서울역,경의·중앙선,-66241,-180574,75013,150053,54808,38748
청량리(서울시립대입구),회기,경춘선,19274,14802,8932,-17553,-23766,-8396
회기,중랑,경춘선,15767,13383,-7092,-12979,-9104,-6405
중랑,상봉(시외버스터미널),경춘선,44488,45596,-9026,-35482,-36401,-13526
상봉(시외버스터미널),망우,경춘선,18554,9399,-5849,-14355,-8828,-6178
망우,신내,경춘선,1661,-236,1014,-370,-1593,-522
신내,갈매,경춘선,12844,4708,-1821,-5559,-5735,-2635
갈매,별내,경춘선,4483,1552,1336,-2296,-3592,-1179
별내,퇴계원,경춘선,12728,7444,-3059,-6784,-6863,-4380
퇴계원,사릉,경춘선,9367,4497,-607,-4405,-7363,-2807
사릉,금곡,경춘선,2457,251,-493,51,-2142,-692
금곡,평내호평,경춘선,18166,6845,-4958,-7869,-14411,-4046
평내호평,천마산,경춘선,4963,3391,-1494,-2630,-3439,-2317
천마산,마석,경춘선,7914,2259,-999,-1243,-8695,-2779
마석,대성리,경춘선,165,-278,569,350,-206,-230
대성리,청평,경춘선,1019,747,-372,-575,-1794,-357
청평,상천,경춘선,340,-38,227,-108,-179,-85
상천,가평,경춘선,146,-1149,723,126,-857,-258
가평,굴봉산,경춘선,14,-67,85,-16,-69,-66
굴봉산,백양리,경춘선,-261,-373,381,221,14,49
백양리,강촌,경춘선,-34,-607,609,196,-95,-59
강촌,김유정,경춘선,-43,-198,253,-5,-57,-22
김유정,남춘천,경춘선,902,-115,-4,801,-3334,-253
남춘천,춘천,경춘선,120,-843,907,977,-906,69
판교,이매,경강선,7091,1017,1402,-2688,-5132,-2130
이매,삼동,경강선,7145,8907,-2376,-5030,-5791,-3151
삼동,경기광주,경강선,23453,20863,-6815,-18409,-18675,-9815
경기광주,초월,경강선,6760,5752,-241,-5868,-5303,-5193
초월,곤지암,경강선,947,50,2118,565,-2676,-1289
곤지암,신둔도예촌,경강선,2007,150,1033,-64,-2189,-889
신둔도예촌,이천,경강선,587,-1260,-50,449,-1742,-1410
이천,부발,경강선,-684,-1433,2507,1855,-1326,-864
부발,세종대왕릉,경강선,292,12,62,70,-464,-129
세종대왕릉,여주,경강선,1715,1385,272,-999,-2532,-1756
청량리(서울시립대입구),왕십리(성동구청),분당선,22209,19848,-5662,-31074,-23084,7274
왕십리(성동구청),서울숲,분당선,1895,-11679,5026,9635,-103,809
서울숲,압구정로데오,분당선,-16453,-51132,23463,41536,39966,42870
압구정로데오,강남구청,분당선,-29436,-118596,36844,81706,46482,29805
강남구청,선정릉,분당선,-13212,-74311,26088,57423,28283,14326
선정릉,선릉,분당선,-117464,-315214,144292,244546,110342,75214
선릉,한티,분당선,-3060,-21582,8485,12035,4700,17688
한티,도곡,분당선,-10843,-20775,14904,14523,1563,3907
도곡,구룡,분당선,-1776,-1426,3351,520,-783,-471
구룡,개포동,분당선,2424,-720,2107,-1085,-2617,-882
개포동,대모산입구,분당선,2843,634,6345,125,-2472,-1468
대모산입구,수서,분당선,1801,-14518,8584,-157,-19274,-1918
수서,복정,분당선,13422,14405,2002,-5731,-7436,-4216
복정,가천대,분당선,9822,4068,-842,-9952,-10995,-5399
가천대,태평,분당선,27440,39412,-12528,-24450,-20882,-14731
태평,모란,분당선,30367,32223,-7174,-17274,-19828,-12596
모란,야탑,분당선,9405,-27676,6164,11449,-13871,-2210
야탑,이매,분당선,7091,1017,1402,-2688,-5132,-2130
이매,서현,분당선,-6232,-32575,16193,17422,1386,21383
서현,수내,분당선,-228,-27023,10710,17074,3047,12826
수내,정자,분당선,1668,-24180,7203,7225,-3868,3838
정자,미금,분당선,2482,-10392,3888,-469,-10314,-2308
미금,오리,분당선,12419,-3954,6563,7857,-5642,-1564
오리,죽전,분당선,20848,10820,-543,-12997,-17484,2234
죽전,보정,분당선,3912,2901,-433,-2145,-2971,-1561
보정,구성,분당선,12227,8995,-3726,-10293,-11339,-6523
구성,신갈,분당선,13102,10070,-3944,-9963,-10061,-6250
신갈,기흥,분당선,21785,18831,-4814,-16734,-18605,-8225
기흥,상갈,분당선,10278,9107,-2543,-6743,-8989,-5326
상갈,청명,분당선,9420,6563,-1212,-4656,-7242,-4293
청명,영통,분당선,6299,-4496,2463,-1198,-4395,689
영통,망포,분당선,17195,-4284,8157,2165,-18019,-6062
망포,매탄권선,분당선,12054,6891,-996,-7648,-8755,-4888
매탄권선,수원시청,분당선,9240,-16835,1905,1245,-6464,-100
수원시청,매교,분당선,4032,800,-803,-3142,-2474,-2130
매교,수원,분당선,33433,10218,-4731,-19296,-17852,22734
수원,고색,분당선,19,-4198,2542,4032,-3259,-1446
고색,오목천,분당선,3100,1710,606,-2955,-2137,-1012
오목천,어천,분당선,-393,-225,237,478,-115,43
어천,야목,분당선,137,182,173,-49,-63,-26
야목,사리,분당선,11079,8729,-2297,-9914,-6816,-3620
사리,한대앞,분당선,19888,8257,-4313,-11816,-12675,-6507
한대앞,중앙,분당선,34932,8394,-4317,-17987,-23267,-4107
중앙,고잔,분당선,13227,-5620,5025,-85,-8344,-3742
고잔,초지,분당선,7566,945,-33,-3133,-6543,-4171
초지,안산,분당선,-17094,-11947,17449,17971,939,5168
안산,신길온천,분당선,2105,2043,41,-1344,-2350,-1250
신길온천,정왕,분당선,-7639,-13923,7633,7056,-1209,-510
정왕,오이도,분당선,14546,7964,338,-6432,-10238,-5471
오이도,달월,수인선,-59,-170,574,245,46,7
달월,월곶,수인선,6321,3937,-1778,-4132,-2247,-1200
월곶,소래포구,수인선,8853,3781,-18,-4741,-3774,-1185
소래포구,인천논현,수인선,4294,-1463,-985,-3446,-2372,141
인천논현,호구포,수인선,-10817,-11066,7173,7053,-788,2031
호구포,남동인더스파크,수인선,-14592,-17709,10453,10254,1906,2399
남동인더스파크,원인재,수인선,8005,6050,-2851,-6834,-5207,-2742
원인재,연수,수인선,8637,1518,-2348,-4472,-3247,-1687
연수,송도,수인선,5755,4831,-1922,-4035,-2920,-1486
송도,인하대,수인선,14960,5386,-3129,-9547,-5012,-2949
인하대,숭의,수인선,3990,-512,1282,-1697,-2070,-1697
숭의,신포,수인선,-183,-3786,1604,2031,532,663
신포,인천,수인선,530,-4575,6550,4541,-99,468
강남,양재(서초구청),신분당선,-61533,-167526,60831,116572,40384,28005
양재(서초구청),양재시민의숲,신분당선,0,0,0,0,0,0
양재시민의숲,청계산입구,신분당선,0,0,0,0,0,0
청계산입구,판교,신분당선,-4880,-17909,6173,14007,8697,9679
판교,정자,신분당선,1668,-24180,7203,7225,-3868,3838
정자,미금,신분당선,2482,-10392,3888,-469,-10314,-2308
미금,동천,신분당선,0,0,0,0,0,0
동천,수지구청,신분당선,0,0,0,0,0,0
수지구청,성복,신분당선,0,0,0,0,0,0
성복,상현,신분당선,0,0,0,0,0,0
상현,광교중앙,신분당선,0,0,0,0,0,0
광교중앙,광교,신분당선,0,0,0,0,0,0
계양,귤현,인천1,0,0,0,0,0,0
귤현,박촌,인천1,0,0,0,0,0,0
박촌,임학,인천1,0,0,0,0,0,0
임학,계산,인천1,0,0,0,0,0,0
계산,경인교대입구,인천1,0,0,0,0,0,0
경인교대입구,작전,인천1,0,0,0,0,0,0
작전,갈산,인천1,0,0,0,0,0,0
갈산,부평구청,인천1,44790,34025,-3028,-20240,-26701,-13775
부평구청,부평시장,인천1,0,0,0,0,0,0
부평시장,부평,인천1,55580,40933,-17358,-52892,-39467,-6451
부평,동수,인천1,0,0,0,0,0,0
동수,부평삼거리,인천1,0,0,0,0,0,0
부평삼거리,간석오거리,인천1,0,0,0,0,0,0
간석오거리,인천시청,인천1,0,0,0,0,0,0
인천시청,예술회관,인천1,0,0,0,0,0,0
예술회관,인천터미널,인천1,0,0,0,0,0,0
인천터미널,문학경기장,인천1,0,0,0,0,0,0
문학경기장,선학,인천1,0,0,0,0,0,0
선학,신연수,인천1,0,0,0,0,0,0
신연수,원인재,인천1,8005,6050,-2851,-6834,-5207,-2742
원인재,동춘,인천1,0,0,0,0,0,0
동춘,동막,인천1,0,0,0,0,0,0
동막,캠퍼스타운,인천1,0,0,0,0,0,0
캠퍼스타운,테크노파크,인천1,0,0,0,0,0,0
테크노파크,지식정보단지,인천1,0,0,0,0,0,0
지식정보단지,인천대입구,인천1,0,0,0,0,0,0
인천대입구,센트럴파크,인천1,0,0,0,0,0,0
센트럴파크,국제업무지구,인천1,0,0,0,0,0,0
국제업무지구,송도달빛축제공원,인천1,0,0,0,0,0,0
검단오류,왕길,인천2,0,0,0,0,0,0
왕길,검단사거리,인천2,0,0,0,0,0,0
검단사거리,마전,인천2,0,0,0,0,0,0
마전,완정,인천2,0,0,0,0,0,0
완정,독정,인천2,0,0,0,0,0,0
독정,검암,인천2,23900,10559,-3753,-10810,-19513,-8449
검암,검바위,인천2,0,0,0,0,0,0
검바위,아시아드경기장,인천2,0,0,0,0,0,0
아시아드경기장,서구청,인천2,0,0,0,0,0,0
서구청,가정,인천2,0,0,0,0,0,0
가정,가정중앙시장,인천2,0,0,0,0,0,0
가정중앙시장,석남,인천2,0,0,0,0,0,0
석남,서부여성회관,인천2,0,0,0,0,0,0
서부여성회관,인천가좌,인천2,0,0,0,0,0,0
인천가좌,가재울,인천2,0,0,0,0,0,0
가재울,주안국가산단,인천2,0,0,0,0,0,0
주안국가산단,주안,인천2,37156,19067,-1819,-14987,-29355,-10448
주안,시민공원,인천2,0,0,0,0,0,0
시민공원,석바위시장,인천2,0,0,0,0,0,0
석바위시장,인천시청,인천2,0,0,0,0,0,0
인천시청,석천사거리,인천2,0,0,0,0,0,0
석천사거리,모래내시장,인천2,0,0,0,0,0,0
모래내시장,만수,인천2,0,0,0,0,0,0
만수,남동구청,인천2,0,0,0,0,0,0
남동구청,인천대공원,인천2,0,0,0,0,0,0
인천대공원,운연,인천2,0,0,0,0,0,0
발곡,회룡,의정부경전철,39053,29071,-13049,-27894,-29754,-13853
회룡,범골,의정부경전철,0,0,0,0,0,0
범골,경전철의정부,의정부경전철,0,0,0,0,0,0
경전철의정부,의정부시청,의정부경전철,0,0,0,0,0,0
의정부시청,흥선,의정부경전철,0,0,0,0,0,0
흥선,의정부중앙,의정부경전철,0,0,0,0,0,0
의정부중앙,동오,의정부경전철,0,0,0,0,0,0
동오,새말,의정부경전철,0,0,0,0,0,0
새말,경기도청북부청사,의정부경전철,0,0,0,0,0,0
경기도청북부청사,효자,의정부경전철,0,0,0,0,0,0
효자,곤제,의정부경전철,0,0,0,0,0,0
곤제,어룡,의정부경전철,0,0,0,0,0,0
어룡,송산,의정부경전철,0,0,0,0,0,0
송산,탑석,의정부경전철,0,0,0,0,0,0
기흥,강남대,에버라인,0,0,0,0,0,0
강남대,지석,에버라인,0,0,0,0,0,0
지석,어정,에버라인,0,0,0,0,0,0
어정,동백,에버라인,0,0,0,0,0,0
동백,초당,에버라인,0,0,0,0,0,0
초당,삼가,에버라인,0,0,0,0,0,0
삼가,시청·용인대,에버라인,0,0,0,0,0,0
시청·용인대,명지대,에버라인,0,0,0,0,0,0
명지대,김량장,에버라인,0,0,0,0,0,0
김량장,운동장·송담대,에버라인,0,0,0,0,0,0
운동장·송담대,고진,에버라인,0,0,0,0,0,0
고진,보평,에버라인,0,0,0,0,0,0
보평,둔전,에버라인,0,0,0,0,0,0
둔전,전대·에버랜드,에버라인,0,0,0,0,0,0
북한산우이,솔밭공원,우이신설,6295,5834,-2021,-5189,-5351,-2881
솔밭공원,4·19민주묘지,우이신설,0,0,0,0,0,0
4·19민주묘지,가오리,우이신설,10891,9945,-3418,-8689,-9180,-4670
가오리,화계,우이신설,8609,8944,-2307,-6153,-5885,-3266
화계,삼양,우이신설,4135,3554,-1775,-4073,-3878,-1707
삼양,삼양사거리,우이신설,4185,3962,-1905,-3860,-3277,-1457
삼양사거리,솔샘,우이신설,20201,20124,-5835,-16223,-15601,-7982
솔샘,북한산보국문,우이신설,11499,12586,-4257,-11209,-11345,-6060
북한산보국문,정릉,우이신설,8043,8265,-3659,-8189,-7227,-3988
정릉,성신여대입구(돈암),우이신설,22799,14842,-5376,-17216,-15835,358
성신여대입구(돈암),보문,우이신설,8595,5951,846,-3614,-8064,-4145
보문,신설동,우이신설,-10406,-49507,24472,40733,7555,4948
소사,소새울,서해선,0,0,0,0,0,0
소새울,시흥대야,서해선,0,0,0,0,0,0
시흥대야,신천,서해선,0,0,0,0,0,0
신천,신현,서해선,0,0,0,0,0,0
신현,시흥시청,서해선,0,0,0,0,0,0
시흥시청,시흥능곡,서해선,0,0,0,0,0,0
시흥능곡,달미,서해선,0,0,0,0,0,0
달미,선부,서해선,0,0,0,0,0,0
선부,초지,서해선,7566,945,-33,-3133,-6543,-4171
초지,원곡,서해선,0,0,0,0,0,0
원곡,원시,서해선,0,0,0,0,0,0
